round,client,weight
1,0,0.08068546158098397
1,1,0.04103924820342731
1,2,0.34688778330569375
1,3,0.4190823659480376
1,4,0.11230514096185738
2,0,0.08068546158098397
2,1,0.04103924820342731
2,2,0.34688778330569375
2,3,0.4190823659480376
2,4,0.11230514096185738
3,0,0.08068546158098397
3,1,0.04103924820342731
3,2,0.34688778330569375
3,3,0.4190823659480376
3,4,0.11230514096185738
4,0,0.08068546158098397
4,1,0.04103924820342731
4,2,0.34688778330569375
4,3,0.4190823659480376
4,4,0.11230514096185738
5,0,0.08068546158098397
5,1,0.04103924820342731
5,2,0.34688778330569375
5,3,0.4190823659480376
5,4,0.11230514096185738
