,support_test,precision_mean,precision_std,recall_mean,recall_std,f1_mean,f1_std
Benign,13797,0.9735,0.0039,0.9317,0.0049,0.9521,0.0007
Analysis,146,0.8070,0.1897,0.3927,0.0338,0.5196,0.0197
Backdoor,55,0.4433,0.0286,0.3152,0.0458,0.3679,0.0405
DoS,621,0.6383,0.0166,0.3548,0.0107,0.4560,0.0103
Exploits,4371,0.8303,0.0028,0.9309,0.0045,0.8777,0.0010
Fuzzers,1349,0.6421,0.0155,0.8757,0.0282,0.7406,0.0002
Generic,345,0.7410,0.0694,0.6242,0.0354,0.6751,0.0166
Reconnaissance,68,0.5437,0.0251,0.5686,0.0306,0.5550,0.0038
Shellcode,43,0.5030,0.0340,0.3488,0.0233,0.4108,0.0049
Worms,10,0.7000,0.0866,0.3000,0.0000,0.4190,0.0165
