start,client,n,T,seed,sigma,C,predicted,measured,ratio,clean_norm,noisy_norm,cos_noise_clean
init,0,3649,75,1,0.5,2,1.43029,1.42901,0.999106,2.61315,2.9834,0.00402262
init,0,3649,75,1,1,2,2.86058,2.85818,0.999161,2.61315,3.879,0.00327658
init,0,3649,75,1,2,2,5.72115,5.71615,0.999126,2.61315,6.29002,0.00205272
init,0,3649,75,2,0.5,2,1.43029,1.43321,1.00204,2.60655,2.97136,-0.00256988
init,0,3649,75,2,1,2,2.86058,2.86599,1.00189,2.60655,3.86786,-0.00318905
init,0,3649,75,2,2,2,5.72115,5.73191,1.00188,2.60655,6.28585,-0.0045848
init,0,3649,75,3,0.5,2,1.43029,1.42839,0.998671,2.60087,2.96247,-0.00384236
init,0,3649,75,3,1,2,2.86058,2.85685,0.998698,2.60087,3.85439,-0.00469849
init,0,3649,75,3,2,2,5.72115,5.71304,0.998583,2.60087,6.26321,-0.00591011
init,0,3649,75,4,0.5,2,1.43029,1.42225,0.994378,2.62162,2.97658,-0.00478492
init,0,3649,75,4,1,2,2.86058,2.84411,0.994242,2.62162,3.85786,-0.00527861
init,0,3649,75,4,2,2,5.72115,5.68818,0.994237,2.62162,6.24729,-0.0066952
init,0,3649,75,5,0.5,2,1.43029,1.43346,1.00222,2.59978,2.96983,0.00083474
init,0,3649,75,5,1,2,2.86058,2.86685,1.00219,2.59978,3.87018,3.99469e-05
init,0,3649,75,5,2,2,5.72115,5.73316,1.0021,2.59978,6.29274,-0.000987526
init,1,1856,40,1,0.5,2,1.09406,1.09967,1.00512,2.1438,2.41107,0.00172066
init,1,1856,40,1,1,2,2.18812,2.19939,1.00515,2.1438,3.0728,0.000941604
init,1,1856,40,1,2,2,4.37624,4.3983,1.00504,2.1438,4.89247,-0.000249676
init,1,1856,40,2,0.5,2,1.09406,1.10119,1.00652,2.1331,2.39786,-0.00277141
init,1,1856,40,2,1,2,2.18812,2.20221,1.00644,2.1331,3.06025,-0.00369592
init,1,1856,40,2,2,2,4.37624,4.40429,1.00641,2.1331,4.88271,-0.00569424
init,1,1856,40,3,0.5,2,1.09406,1.09427,1.00019,2.1576,2.41575,-0.00357074
init,1,1856,40,3,1,2,2.18812,2.18821,1.00004,2.1576,3.06604,-0.00454202
init,1,1856,40,3,2,2,4.37624,4.37566,0.999868,2.1576,4.86659,-0.00624932
init,1,1856,40,4,0.5,2,1.09406,1.09971,1.00517,2.13565,2.39786,-0.00439002
init,1,1856,40,4,1,2,2.18812,2.19935,1.00513,2.13565,3.05696,-0.00565356
init,1,1856,40,4,2,2,4.37624,4.39799,1.00497,2.13565,4.87429,-0.00769841
init,1,1856,40,5,0.5,2,1.09406,1.0993,1.00479,2.13977,2.40508,-0.00055964
init,1,1856,40,5,1,2,2.18812,2.19866,1.00482,2.13977,3.06543,-0.00168141
init,1,1856,40,5,2,2,4.37624,4.39672,1.00468,2.13977,4.8825,-0.00376598
init,2,15688,310,1,0.5,2,2.79293,2.79806,1.00184,3.2025,4.22643,-0.0124126
init,2,15688,310,1,1,2,5.58585,5.5946,1.00157,3.2025,6.39528,-0.0183074
init,2,15688,310,1,2,2,11.1717,11.1766,1.00043,3.2025,11.5601,-0.0214548
init,2,15688,310,2,0.5,2,2.79293,2.81046,1.00628,3.16471,4.20927,-0.0110248
init,2,15688,310,2,1,2,5.58585,5.60803,1.00397,3.16471,6.39911,-0.0145593
init,2,15688,310,2,2,2,11.1717,11.1861,1.00129,3.16471,11.5675,-0.0188727
init,2,15688,310,3,0.5,2,2.79293,2.82899,1.01291,3.16546,4.21176,-0.0158797
init,2,15688,310,3,1,2,5.58585,5.64023,1.00973,3.16546,6.40826,-0.0214654
init,2,15688,310,3,2,2,11.1717,11.2362,1.00578,3.16546,11.6106,-0.0206345
init,2,15688,310,4,0.5,2,2.79293,2.80843,1.00555,3.16672,4.24657,0.00662928
init,2,15688,310,4,1,2,5.58585,5.61169,1.00463,3.16672,6.44517,0.000591682
init,2,15688,310,4,2,2,11.1717,11.216,1.00396,3.16672,11.6353,-0.00628655
init,2,15688,310,5,0.5,2,2.79293,2.81448,1.00772,3.16276,4.21751,-0.00769431
init,2,15688,310,5,1,2,5.58585,5.6219,1.00645,3.16276,6.41061,-0.014423
init,2,15688,310,5,2,2,11.1717,11.2147,1.00385,3.16276,11.5931,-0.0193622
init,3,18953,375,1,0.5,2,3.084,3.11907,1.01137,3.20893,4.47673,0.00076319
init,3,18953,375,1,1,2,6.168,6.23681,1.01116,3.20893,7.00794,-0.00209347
init,3,18953,375,1,2,2,12.336,12.4558,1.00971,3.20893,12.8456,-0.00544621
init,3,18953,375,2,0.5,2,3.084,3.12306,1.01267,3.24309,4.50875,0.00284702
init,3,18953,375,2,1,2,6.168,6.24228,1.01204,3.24309,7.03866,0.001457
init,3,18953,375,2,2,2,12.336,12.484,1.01199,3.24309,12.8731,-0.00801461
init,3,18953,375,3,0.5,2,3.084,3.11909,1.01138,3.25045,4.4818,-0.0102373
init,3,18953,375,3,1,2,6.168,6.21996,1.00842,3.25045,6.97938,-0.0133927
init,3,18953,375,3,2,2,12.336,12.4163,1.00651,3.25045,12.7922,-0.013509
init,3,18953,375,4,0.5,2,3.084,3.12865,1.01448,3.23965,4.48888,-0.00659658
init,3,18953,375,4,1,2,6.168,6.24901,1.01313,3.23965,7.01576,-0.00801587
init,3,18953,375,4,2,2,12.336,12.47,1.01087,3.23965,12.8461,-0.012072
init,3,18953,375,5,0.5,2,3.084,3.09877,1.00479,3.23714,4.4959,0.00656409
init,3,18953,375,5,1,2,6.168,6.19623,1.00458,3.23714,6.99555,0.00163117
init,3,18953,375,5,2,2,12.336,12.377,1.00333,3.23714,12.766,-0.00872009
init,4,5079,100,1,0.5,2,1.58628,1.5824,0.997558,2.33215,2.81627,-0.00156439
init,4,5079,100,1,1,2,3.17255,3.16477,0.997548,2.33215,3.92412,-0.00379194
init,4,5079,100,1,2,2,6.3451,6.32853,0.997388,2.33215,6.72952,-0.00687025
init,4,5079,100,2,0.5,2,1.58628,1.58034,0.996261,2.33594,2.82576,0.00417597
init,4,5079,100,2,1,2,3.17255,3.1614,0.996486,2.33594,3.93763,0.00364613
init,4,5079,100,2,2,2,6.3451,6.32215,0.996383,2.33594,6.74584,0.00271172
init,4,5079,100,3,0.5,2,1.58628,1.59532,1.0057,2.32648,2.81271,-0.00622755
init,4,5079,100,3,1,2,3.17255,3.19167,1.00603,2.32648,3.93452,-0.00800193
init,4,5079,100,3,2,2,6.3451,6.38232,1.00587,2.32648,6.77001,-0.0105563
init,4,5079,100,4,0.5,2,1.58628,1.60253,1.01025,2.3433,2.84052,0.00125281
init,4,5079,100,4,1,2,3.17255,3.20493,1.01021,2.3433,3.9712,0.000519297
init,4,5079,100,4,2,2,6.3451,6.41024,1.01027,2.3433,6.82339,-0.000787608
init,4,5079,100,5,0.5,2,1.58628,1.59287,1.00415,2.33448,2.82583,-0.00022857
init,4,5079,100,5,1,2,3.17255,3.18543,1.00406,2.33448,3.94693,-0.00124325
init,4,5079,100,5,2,2,6.3451,6.37058,1.00401,2.33448,6.77903,-0.00265
warm,0,3649,75,1,0.5,2,1.43029,1.4276,0.998121,1.78215,2.28456,0.00100629
warm,0,3649,75,1,1,2,2.86058,2.85516,0.998105,1.78215,3.36762,0.00126933
warm,0,3649,75,1,2,2,5.72115,5.70961,0.997983,1.78215,5.98331,0.00118991
warm,0,3649,75,2,0.5,2,1.43029,1.43068,1.00027,1.77385,2.27845,-0.000402657
warm,0,3649,75,2,1,2,2.86058,2.86129,1.00025,1.77385,3.36647,-4.28635e-05
warm,0,3649,75,2,2,2,5.72115,5.72209,1.00016,1.77385,5.98941,-0.00078024
warm,0,3649,75,3,0.5,2,1.43029,1.42562,0.996738,1.79348,2.28573,-0.00477307
warm,0,3649,75,3,1,2,2.86058,2.8513,0.996757,1.79348,3.36192,-0.00429929
warm,0,3649,75,3,2,2,5.72115,5.70246,0.996733,1.79348,5.97215,-0.00332783
warm,0,3649,75,4,0.5,2,1.43029,1.42035,0.993054,1.79066,2.28446,-0.00100677
warm,0,3649,75,4,1,2,2.86058,2.84064,0.993031,1.79066,3.35527,-0.00175423
warm,0,3649,75,4,2,2,5.72115,5.68049,0.992893,1.79066,5.95055,-0.0032147
warm,0,3649,75,5,0.5,2,1.43029,1.43267,1.00166,1.78034,2.27987,-0.00476814
warm,0,3649,75,5,1,2,2.86058,2.86263,1.00072,1.78034,3.37166,0.000375729
warm,0,3649,75,5,2,2,5.72115,5.7245,1.00058,1.78034,5.99925,0.00252829
warm,1,1856,40,1,0.5,2,1.09406,1.09824,1.00382,1.27395,1.68292,0.00112297
warm,1,1856,40,1,1,2,2.18812,2.19645,1.00381,1.27395,2.53987,0.000638056
warm,1,1856,40,1,2,2,4.37624,4.39298,1.00382,1.27395,4.57375,-0.000184961
warm,1,1856,40,2,0.5,2,1.09406,1.09888,1.0044,1.30737,1.70142,-0.00762954
warm,1,1856,40,2,1,2,2.18812,2.19774,1.0044,1.30737,2.54767,-0.00846448
warm,1,1856,40,2,2,2,4.37624,4.3954,1.00438,1.30737,4.57406,-0.00928173
warm,1,1856,40,3,0.5,2,1.09406,1.09199,0.998105,1.29511,1.69109,-0.00351558
warm,1,1856,40,3,1,2,2.18812,2.18437,0.998284,1.29511,2.53443,-0.00449471
warm,1,1856,40,3,2,2,4.37624,4.36693,0.997873,1.29511,4.54759,-0.00590533
warm,1,1856,40,4,0.5,2,1.09406,1.09745,1.0031,1.29635,1.69903,0.000626242
warm,1,1856,40,4,1,2,2.18812,2.19476,1.00303,1.29635,2.54964,0.000562069
warm,1,1856,40,4,2,2,4.37624,4.38881,1.00287,1.29635,4.57603,-0.000187289
warm,1,1856,40,5,0.5,2,1.09406,1.09749,1.00314,1.28391,1.68937,0.000371609
warm,1,1856,40,5,1,2,2.18812,2.19446,1.0029,1.28391,2.54188,-0.000519777
warm,1,1856,40,5,2,2,4.37624,4.38854,1.00281,1.28391,4.57061,-0.0015358
warm,2,15688,310,1,0.5,2,2.79293,2.77437,0.993357,0.787188,2.8819,-0.00262447
warm,2,15688,310,1,1,2,5.58585,5.54878,0.993363,0.787188,5.60194,-0.00308741
warm,2,15688,310,1,2,2,11.1717,11.097,0.993317,0.787188,11.1223,-0.00333119
warm,2,15688,310,2,0.5,2,2.79293,2.77442,0.993375,0.762058,2.88034,0.00430769
warm,2,15688,310,2,1,2,5.58585,5.54981,0.993548,0.762058,5.60513,0.00429081
warm,2,15688,310,2,2,2,11.1717,11.1,0.99358,0.762058,11.1293,0.0041595
warm,2,15688,310,3,0.5,2,2.79293,2.78901,0.998596,0.781702,2.89567,-0.00108291
warm,2,15688,310,3,1,2,5.58585,5.57754,0.998512,0.781702,5.63073,-0.00170202
warm,2,15688,310,3,2,2,11.1717,11.1555,0.998553,0.781702,11.1806,-0.00301425
warm,2,15688,310,4,0.5,2,2.79293,2.78643,0.997672,0.778918,2.8928,-0.000598302
warm,2,15688,310,4,1,2,5.58585,5.57258,0.997624,0.778918,5.62623,-0.00068269
warm,2,15688,310,4,2,2,11.1717,11.1461,0.997708,0.778918,11.1724,-0.00110134
warm,2,15688,310,5,0.5,2,2.79293,2.77864,0.994885,0.785175,2.88459,-0.00377188
warm,2,15688,310,5,1,2,5.58585,5.55664,0.99477,0.785175,5.60888,-0.00380539
warm,2,15688,310,5,2,2,11.1717,11.1149,0.994916,0.785175,11.1397,-0.0036864
warm,3,18953,375,1,0.5,2,3.084,3.09766,1.00443,0.833794,3.20644,-0.00182929
warm,3,18953,375,1,1,2,6.168,6.19508,1.00439,0.833794,6.25051,-0.000517726
warm,3,18953,375,1,2,2,12.336,12.3892,1.00431,0.833794,12.4181,0.00111421
warm,3,18953,375,2,0.5,2,3.084,3.10162,1.00571,0.832208,3.20972,-0.00200261
warm,3,18953,375,2,1,2,6.168,6.20222,1.00555,0.832208,6.25555,-0.00273264
warm,3,18953,375,2,2,2,12.336,12.4036,1.00548,0.832208,12.4293,-0.0026183
warm,3,18953,375,3,0.5,2,3.084,3.09011,1.00198,0.812288,3.18566,-0.0119919
warm,3,18953,375,3,1,2,6.168,6.17407,1.00098,0.812288,6.21801,-0.011492
warm,3,18953,375,3,2,2,12.336,12.3404,1.00036,0.812288,12.3587,-0.0103747
warm,3,18953,375,4,0.5,2,3.084,3.10063,1.00539,0.824758,3.20457,-0.00485878
warm,3,18953,375,4,1,2,6.168,6.20011,1.00521,0.824758,6.24826,-0.00790455
warm,3,18953,375,4,2,2,12.336,12.3968,1.00493,0.824758,12.417,-0.00877905
warm,3,18953,375,5,0.5,2,3.084,3.07305,0.996451,0.816126,3.17692,-0.0033653
warm,3,18953,375,5,1,2,6.168,6.14613,0.996454,0.816126,6.19644,-0.00448937
warm,3,18953,375,5,2,2,12.336,12.2905,0.996315,0.816126,12.3141,-0.00424566
warm,4,5079,100,1,0.5,2,1.58628,1.57641,0.99378,0.841252,1.78611,-0.000967023
warm,4,5079,100,1,1,2,3.17255,3.15288,0.993799,0.841252,3.26131,-0.00230059
warm,4,5079,100,1,2,2,6.3451,6.3055,0.993759,0.841252,6.35796,-0.00409034
warm,4,5079,100,2,0.5,2,1.58628,1.57585,0.993427,0.842397,1.78501,-0.00250905
warm,4,5079,100,2,1,2,3.17255,3.15191,0.993492,0.842397,3.26003,-0.00307585
warm,4,5079,100,2,2,2,6.3451,6.30427,0.993564,0.842397,6.35626,-0.00483692
warm,4,5079,100,3,0.5,2,1.58628,1.59119,1.0031,0.817633,1.78686,-0.00288969
warm,4,5079,100,3,1,2,3.17255,3.18262,1.00317,0.817633,3.28305,-0.00368439
warm,4,5079,100,3,2,2,6.3451,6.36519,1.00317,0.817633,6.41376,-0.00460287
warm,4,5079,100,4,0.5,2,1.58628,1.59827,1.00756,0.848611,1.80998,0.000520644
warm,4,5079,100,4,1,2,3.17255,3.19648,1.00754,0.848611,3.30693,-0.000338117
warm,4,5079,100,4,2,2,6.3451,6.39303,1.00755,0.848611,6.44753,-0.00187101
warm,4,5079,100,5,0.5,2,1.58628,1.58909,1.00177,0.841136,1.79849,0.000691122
warm,4,5079,100,5,1,2,3.17255,3.17835,1.00183,0.841136,3.28786,0.000114065
warm,4,5079,100,5,2,2,6.3451,6.35767,1.00198,0.841136,6.4125,-0.000675579
