noise_scale,seed,method,hrr,attacker_share
0.2500,0,AutoGM (lambda x1),0.8571,0.0000
0.2500,0,AutoGM (lambda x4),0.0000,0.0000
0.2500,0,FedGuard linear,0.0000,0.0000
0.2500,0,FedGuard quadrature,0.0000,0.0000
0.2500,0,FedGuard linear + R4,0.0000,0.0000
0.2500,0,FedGuard quadrature + R4,0.0000,0.0000
0.2500,1,AutoGM (lambda x1),0.8571,0.0000
0.2500,1,AutoGM (lambda x4),0.0000,0.0000
0.2500,1,FedGuard linear,0.0000,0.0000
0.2500,1,FedGuard quadrature,0.0000,0.0000
0.2500,1,FedGuard linear + R4,0.0000,0.0000
0.2500,1,FedGuard quadrature + R4,0.0000,0.0000
0.2500,2,AutoGM (lambda x1),0.7143,0.0000
0.2500,2,AutoGM (lambda x4),0.0000,0.0000
0.2500,2,FedGuard linear,0.0000,0.0000
0.2500,2,FedGuard quadrature,0.0000,0.0000
0.2500,2,FedGuard linear + R4,0.0000,0.0000
0.2500,2,FedGuard quadrature + R4,0.0000,0.0000
0.2500,3,AutoGM (lambda x1),0.7143,0.0000
0.2500,3,AutoGM (lambda x4),0.0000,0.0000
0.2500,3,FedGuard linear,0.0000,0.0000
0.2500,3,FedGuard quadrature,0.0000,0.0000
0.2500,3,FedGuard linear + R4,0.0000,0.0000
0.2500,3,FedGuard quadrature + R4,0.0000,0.0000
0.2500,4,AutoGM (lambda x1),0.8571,0.0000
0.2500,4,AutoGM (lambda x4),0.0000,0.0000
0.2500,4,FedGuard linear,0.0000,0.0000
0.2500,4,FedGuard quadrature,0.0000,0.0000
0.2500,4,FedGuard linear + R4,0.0000,0.0000
0.2500,4,FedGuard quadrature + R4,0.0000,0.0000
0.2500,5,AutoGM (lambda x1),0.8571,0.0000
0.2500,5,AutoGM (lambda x4),0.0000,0.0000
0.2500,5,FedGuard linear,0.0000,0.0000
0.2500,5,FedGuard quadrature,0.0000,0.0000
0.2500,5,FedGuard linear + R4,0.0000,0.0000
0.2500,5,FedGuard quadrature + R4,0.0000,0.0000
0.2500,6,AutoGM (lambda x1),0.7143,0.0000
0.2500,6,AutoGM (lambda x4),0.0000,0.0000
0.2500,6,FedGuard linear,0.0000,0.0000
0.2500,6,FedGuard quadrature,0.0000,0.0000
0.2500,6,FedGuard linear + R4,0.0000,0.0000
0.2500,6,FedGuard quadrature + R4,0.0000,0.0000
0.2500,7,AutoGM (lambda x1),0.8571,0.0000
0.2500,7,AutoGM (lambda x4),0.0000,0.0000
0.2500,7,FedGuard linear,0.0000,0.0000
0.2500,7,FedGuard quadrature,0.0000,0.0000
0.2500,7,FedGuard linear + R4,0.0000,0.0000
0.2500,7,FedGuard quadrature + R4,0.0000,0.0000
0.2500,8,AutoGM (lambda x1),0.7143,0.0000
0.2500,8,AutoGM (lambda x4),0.0000,0.0000
0.2500,8,FedGuard linear,0.0000,0.0000
0.2500,8,FedGuard quadrature,0.0000,0.0000
0.2500,8,FedGuard linear + R4,0.0000,0.0000
0.2500,8,FedGuard quadrature + R4,0.0000,0.0000
0.2500,9,AutoGM (lambda x1),0.8571,0.0000
0.2500,9,AutoGM (lambda x4),0.0000,0.0000
0.2500,9,FedGuard linear,0.0000,0.0000
0.2500,9,FedGuard quadrature,0.0000,0.0000
0.2500,9,FedGuard linear + R4,0.0000,0.0000
0.2500,9,FedGuard quadrature + R4,0.0000,0.0000
0.5000,0,AutoGM (lambda x1),0.7143,0.0000
0.5000,0,AutoGM (lambda x4),0.1429,0.0000
0.5000,0,FedGuard linear,0.0000,0.0000
0.5000,0,FedGuard quadrature,0.0000,0.0000
0.5000,0,FedGuard linear + R4,0.0000,0.0000
0.5000,0,FedGuard quadrature + R4,0.0000,0.0000
0.5000,1,AutoGM (lambda x1),0.7143,0.0000
0.5000,1,AutoGM (lambda x4),0.0000,0.0000
0.5000,1,FedGuard linear,0.0000,0.0000
0.5000,1,FedGuard quadrature,0.0000,0.0000
0.5000,1,FedGuard linear + R4,0.0000,0.0000
0.5000,1,FedGuard quadrature + R4,0.0000,0.0000
0.5000,2,AutoGM (lambda x1),0.7143,0.0000
0.5000,2,AutoGM (lambda x4),0.0000,0.0000
0.5000,2,FedGuard linear,0.0000,0.0000
0.5000,2,FedGuard quadrature,0.0000,0.0000
0.5000,2,FedGuard linear + R4,0.0000,0.0000
0.5000,2,FedGuard quadrature + R4,0.0000,0.0000
0.5000,3,AutoGM (lambda x1),0.7143,0.0000
0.5000,3,AutoGM (lambda x4),0.0000,0.0000
0.5000,3,FedGuard linear,0.0000,0.0000
0.5000,3,FedGuard quadrature,0.0000,0.0000
0.5000,3,FedGuard linear + R4,0.0000,0.0000
0.5000,3,FedGuard quadrature + R4,0.0000,0.0000
0.5000,4,AutoGM (lambda x1),0.8571,0.0000
0.5000,4,AutoGM (lambda x4),0.0000,0.0000
0.5000,4,FedGuard linear,0.0000,0.0000
0.5000,4,FedGuard quadrature,0.0000,0.0000
0.5000,4,FedGuard linear + R4,0.0000,0.0000
0.5000,4,FedGuard quadrature + R4,0.0000,0.0000
0.5000,5,AutoGM (lambda x1),0.5714,0.0000
0.5000,5,AutoGM (lambda x4),0.0000,0.0000
0.5000,5,FedGuard linear,0.0000,0.0000
0.5000,5,FedGuard quadrature,0.0000,0.0000
0.5000,5,FedGuard linear + R4,0.0000,0.0000
0.5000,5,FedGuard quadrature + R4,0.0000,0.0000
0.5000,6,AutoGM (lambda x1),0.7143,0.0000
0.5000,6,AutoGM (lambda x4),0.0000,0.0000
0.5000,6,FedGuard linear,0.0000,0.0000
0.5000,6,FedGuard quadrature,0.0000,0.0000
0.5000,6,FedGuard linear + R4,0.0000,0.0000
0.5000,6,FedGuard quadrature + R4,0.0000,0.0000
0.5000,7,AutoGM (lambda x1),0.5714,0.0000
0.5000,7,AutoGM (lambda x4),0.1429,0.0000
0.5000,7,FedGuard linear,0.0000,0.0000
0.5000,7,FedGuard quadrature,0.0000,0.0000
0.5000,7,FedGuard linear + R4,0.0000,0.0000
0.5000,7,FedGuard quadrature + R4,0.0000,0.0000
0.5000,8,AutoGM (lambda x1),0.7143,0.0000
0.5000,8,AutoGM (lambda x4),0.0000,0.0000
0.5000,8,FedGuard linear,0.0000,0.0000
0.5000,8,FedGuard quadrature,0.0000,0.0000
0.5000,8,FedGuard linear + R4,0.0000,0.0000
0.5000,8,FedGuard quadrature + R4,0.0000,0.0000
0.5000,9,AutoGM (lambda x1),0.8571,0.0000
0.5000,9,AutoGM (lambda x4),0.0000,0.0000
0.5000,9,FedGuard linear,0.0000,0.0000
0.5000,9,FedGuard quadrature,0.0000,0.0000
0.5000,9,FedGuard linear + R4,0.0000,0.0000
0.5000,9,FedGuard quadrature + R4,0.0000,0.0000
0.7500,0,AutoGM (lambda x1),0.7143,0.0000
0.7500,0,AutoGM (lambda x4),0.1429,0.0000
0.7500,0,FedGuard linear,0.0000,0.0000
0.7500,0,FedGuard quadrature,0.0000,0.0000
0.7500,0,FedGuard linear + R4,0.0000,0.0000
0.7500,0,FedGuard quadrature + R4,0.0000,0.0000
0.7500,1,AutoGM (lambda x1),0.7143,0.0000
0.7500,1,AutoGM (lambda x4),0.0000,0.0000
0.7500,1,FedGuard linear,0.0000,0.0000
0.7500,1,FedGuard quadrature,0.0000,0.0000
0.7500,1,FedGuard linear + R4,0.0000,0.0000
0.7500,1,FedGuard quadrature + R4,0.0000,0.0000
0.7500,2,AutoGM (lambda x1),0.7143,0.0000
0.7500,2,AutoGM (lambda x4),0.0000,0.0000
0.7500,2,FedGuard linear,0.0000,0.0000
0.7500,2,FedGuard quadrature,0.0000,0.0000
0.7500,2,FedGuard linear + R4,0.0000,0.0000
0.7500,2,FedGuard quadrature + R4,0.0000,0.0000
0.7500,3,AutoGM (lambda x1),0.7143,0.0000
0.7500,3,AutoGM (lambda x4),0.0000,0.0000
0.7500,3,FedGuard linear,0.0000,0.0000
0.7500,3,FedGuard quadrature,0.0000,0.0000
0.7500,3,FedGuard linear + R4,0.0000,0.0000
0.7500,3,FedGuard quadrature + R4,0.0000,0.0000
0.7500,4,AutoGM (lambda x1),0.7143,0.0000
0.7500,4,AutoGM (lambda x4),0.0000,0.0000
0.7500,4,FedGuard linear,0.0000,0.0000
0.7500,4,FedGuard quadrature,0.0000,0.0000
0.7500,4,FedGuard linear + R4,0.0000,0.0000
0.7500,4,FedGuard quadrature + R4,0.0000,0.0000
0.7500,5,AutoGM (lambda x1),0.5714,0.0000
0.7500,5,AutoGM (lambda x4),0.0000,0.0000
0.7500,5,FedGuard linear,0.0000,0.0000
0.7500,5,FedGuard quadrature,0.0000,0.0000
0.7500,5,FedGuard linear + R4,0.0000,0.0000
0.7500,5,FedGuard quadrature + R4,0.0000,0.0000
0.7500,6,AutoGM (lambda x1),0.5714,0.0000
0.7500,6,AutoGM (lambda x4),0.1429,0.0000
0.7500,6,FedGuard linear,0.0000,0.0000
0.7500,6,FedGuard quadrature,0.0000,0.0000
0.7500,6,FedGuard linear + R4,0.0000,0.0000
0.7500,6,FedGuard quadrature + R4,0.0000,0.0000
0.7500,7,AutoGM (lambda x1),0.5714,0.0000
0.7500,7,AutoGM (lambda x4),0.1429,0.0000
0.7500,7,FedGuard linear,0.0000,0.0000
0.7500,7,FedGuard quadrature,0.0000,0.0000
0.7500,7,FedGuard linear + R4,0.0000,0.0000
0.7500,7,FedGuard quadrature + R4,0.0000,0.0000
0.7500,8,AutoGM (lambda x1),0.7143,0.0000
0.7500,8,AutoGM (lambda x4),0.0000,0.0000
0.7500,8,FedGuard linear,0.0000,0.0000
0.7500,8,FedGuard quadrature,0.0000,0.0000
0.7500,8,FedGuard linear + R4,0.0000,0.0000
0.7500,8,FedGuard quadrature + R4,0.0000,0.0000
0.7500,9,AutoGM (lambda x1),0.8571,0.0000
0.7500,9,AutoGM (lambda x4),0.0000,0.0000
0.7500,9,FedGuard linear,0.0000,0.0000
0.7500,9,FedGuard quadrature,0.0000,0.0000
0.7500,9,FedGuard linear + R4,0.0000,0.0000
0.7500,9,FedGuard quadrature + R4,0.0000,0.0000
1.0000,0,AutoGM (lambda x1),0.7143,0.0000
1.0000,0,AutoGM (lambda x4),0.1429,0.0000
1.0000,0,FedGuard linear,0.0000,0.0000
1.0000,0,FedGuard quadrature,0.0000,0.0000
1.0000,0,FedGuard linear + R4,0.0000,0.0000
1.0000,0,FedGuard quadrature + R4,0.0000,0.0000
1.0000,1,AutoGM (lambda x1),0.7143,0.0000
1.0000,1,AutoGM (lambda x4),0.1429,0.0000
1.0000,1,FedGuard linear,0.0000,0.0000
1.0000,1,FedGuard quadrature,0.0000,0.0000
1.0000,1,FedGuard linear + R4,0.0000,0.0000
1.0000,1,FedGuard quadrature + R4,0.0000,0.0000
1.0000,2,AutoGM (lambda x1),0.7143,0.0000
1.0000,2,AutoGM (lambda x4),0.0000,0.0000
1.0000,2,FedGuard linear,0.0000,0.0000
1.0000,2,FedGuard quadrature,0.0000,0.0000
1.0000,2,FedGuard linear + R4,0.0000,0.0000
1.0000,2,FedGuard quadrature + R4,0.0000,0.0000
1.0000,3,AutoGM (lambda x1),0.7143,0.0000
1.0000,3,AutoGM (lambda x4),0.0000,0.0000
1.0000,3,FedGuard linear,0.0000,0.0000
1.0000,3,FedGuard quadrature,0.0000,0.0000
1.0000,3,FedGuard linear + R4,0.0000,0.0000
1.0000,3,FedGuard quadrature + R4,0.0000,0.0000
1.0000,4,AutoGM (lambda x1),0.5714,0.0000
1.0000,4,AutoGM (lambda x4),0.0000,0.0000
1.0000,4,FedGuard linear,0.0000,0.0000
1.0000,4,FedGuard quadrature,0.0000,0.0000
1.0000,4,FedGuard linear + R4,0.0000,0.0000
1.0000,4,FedGuard quadrature + R4,0.0000,0.0000
1.0000,5,AutoGM (lambda x1),0.5714,0.0000
1.0000,5,AutoGM (lambda x4),0.0000,0.0000
1.0000,5,FedGuard linear,0.0000,0.0000
1.0000,5,FedGuard quadrature,0.0000,0.0000
1.0000,5,FedGuard linear + R4,0.0000,0.0000
1.0000,5,FedGuard quadrature + R4,0.0000,0.0000
1.0000,6,AutoGM (lambda x1),0.5714,0.0000
1.0000,6,AutoGM (lambda x4),0.1429,0.0000
1.0000,6,FedGuard linear,0.0000,0.0000
1.0000,6,FedGuard quadrature,0.0000,0.0000
1.0000,6,FedGuard linear + R4,0.0000,0.0000
1.0000,6,FedGuard quadrature + R4,0.0000,0.0000
1.0000,7,AutoGM (lambda x1),0.5714,0.0000
1.0000,7,AutoGM (lambda x4),0.1429,0.0000
1.0000,7,FedGuard linear,0.0000,0.0000
1.0000,7,FedGuard quadrature,0.0000,0.0000
1.0000,7,FedGuard linear + R4,0.0000,0.0000
1.0000,7,FedGuard quadrature + R4,0.0000,0.0000
1.0000,8,AutoGM (lambda x1),0.7143,0.0000
1.0000,8,AutoGM (lambda x4),0.0000,0.0000
1.0000,8,FedGuard linear,0.0000,0.0000
1.0000,8,FedGuard quadrature,0.0000,0.0000
1.0000,8,FedGuard linear + R4,0.0000,0.0000
1.0000,8,FedGuard quadrature + R4,0.0000,0.0000
1.0000,9,AutoGM (lambda x1),0.8571,0.0000
1.0000,9,AutoGM (lambda x4),0.0000,0.0000
1.0000,9,FedGuard linear,0.0000,0.0000
1.0000,9,FedGuard quadrature,0.0000,0.0000
1.0000,9,FedGuard linear + R4,0.0000,0.0000
1.0000,9,FedGuard quadrature + R4,0.0000,0.0000
1.2500,0,AutoGM (lambda x1),0.7143,0.0000
1.2500,0,AutoGM (lambda x4),0.1429,0.0000
1.2500,0,FedGuard linear,0.0000,0.0000
1.2500,0,FedGuard quadrature,0.0000,0.0000
1.2500,0,FedGuard linear + R4,0.0000,0.0000
1.2500,0,FedGuard quadrature + R4,0.0000,0.0000
1.2500,1,AutoGM (lambda x1),0.7143,0.0000
1.2500,1,AutoGM (lambda x4),0.1429,0.0000
1.2500,1,FedGuard linear,0.0000,0.0000
1.2500,1,FedGuard quadrature,0.0000,0.0000
1.2500,1,FedGuard linear + R4,0.0000,0.0000
1.2500,1,FedGuard quadrature + R4,0.0000,0.0000
1.2500,2,AutoGM (lambda x1),0.7143,0.0000
1.2500,2,AutoGM (lambda x4),0.0000,0.0000
1.2500,2,FedGuard linear,0.0000,0.0000
1.2500,2,FedGuard quadrature,0.0000,0.0000
1.2500,2,FedGuard linear + R4,0.0000,0.0000
1.2500,2,FedGuard quadrature + R4,0.0000,0.0000
1.2500,3,AutoGM (lambda x1),0.7143,0.0000
1.2500,3,AutoGM (lambda x4),0.0000,0.0000
1.2500,3,FedGuard linear,0.0000,0.0000
1.2500,3,FedGuard quadrature,0.0000,0.0000
1.2500,3,FedGuard linear + R4,0.0000,0.0000
1.2500,3,FedGuard quadrature + R4,0.0000,0.0000
1.2500,4,AutoGM (lambda x1),0.5714,0.0000
1.2500,4,AutoGM (lambda x4),0.0000,0.0000
1.2500,4,FedGuard linear,0.0000,0.0000
1.2500,4,FedGuard quadrature,0.0000,0.0000
1.2500,4,FedGuard linear + R4,0.0000,0.0000
1.2500,4,FedGuard quadrature + R4,0.0000,0.0000
1.2500,5,AutoGM (lambda x1),0.5714,0.0000
1.2500,5,AutoGM (lambda x4),0.0000,0.0000
1.2500,5,FedGuard linear,0.0000,0.0000
1.2500,5,FedGuard quadrature,0.0000,0.0000
1.2500,5,FedGuard linear + R4,0.0000,0.0000
1.2500,5,FedGuard quadrature + R4,0.0000,0.0000
1.2500,6,AutoGM (lambda x1),0.5714,0.0000
1.2500,6,AutoGM (lambda x4),0.1429,0.0000
1.2500,6,FedGuard linear,0.0000,0.0000
1.2500,6,FedGuard quadrature,0.0000,0.0000
1.2500,6,FedGuard linear + R4,0.0000,0.0000
1.2500,6,FedGuard quadrature + R4,0.0000,0.0000
1.2500,7,AutoGM (lambda x1),0.5714,0.0000
1.2500,7,AutoGM (lambda x4),0.1429,0.0000
1.2500,7,FedGuard linear,0.0000,0.0000
1.2500,7,FedGuard quadrature,0.0000,0.0000
1.2500,7,FedGuard linear + R4,0.0000,0.0000
1.2500,7,FedGuard quadrature + R4,0.0000,0.0000
1.2500,8,AutoGM (lambda x1),0.7143,0.0000
1.2500,8,AutoGM (lambda x4),0.0000,0.0245
1.2500,8,FedGuard linear,0.0000,0.0000
1.2500,8,FedGuard quadrature,0.0000,0.0000
1.2500,8,FedGuard linear + R4,0.1429,0.0000
1.2500,8,FedGuard quadrature + R4,0.0000,0.0000
1.2500,9,AutoGM (lambda x1),0.8571,0.0000
1.2500,9,AutoGM (lambda x4),0.0000,0.0000
1.2500,9,FedGuard linear,0.0000,0.0000
1.2500,9,FedGuard quadrature,0.0000,0.0000
1.2500,9,FedGuard linear + R4,0.0000,0.0000
1.2500,9,FedGuard quadrature + R4,0.0000,0.0000
1.5000,0,AutoGM (lambda x1),0.7143,0.0000
1.5000,0,AutoGM (lambda x4),0.1429,0.0000
1.5000,0,FedGuard linear,0.0000,0.0000
1.5000,0,FedGuard quadrature,0.0000,0.0000
1.5000,0,FedGuard linear + R4,0.0000,0.0000
1.5000,0,FedGuard quadrature + R4,0.0000,0.0000
1.5000,1,AutoGM (lambda x1),0.7143,0.0000
1.5000,1,AutoGM (lambda x4),0.1429,0.0237
1.5000,1,FedGuard linear,0.0000,0.0000
1.5000,1,FedGuard quadrature,0.0000,0.0000
1.5000,1,FedGuard linear + R4,0.0000,0.0000
1.5000,1,FedGuard quadrature + R4,0.0000,0.0000
1.5000,2,AutoGM (lambda x1),0.7143,0.0000
1.5000,2,AutoGM (lambda x4),0.0000,0.0130
1.5000,2,FedGuard linear,0.0000,0.0000
1.5000,2,FedGuard quadrature,0.0000,0.0000
1.5000,2,FedGuard linear + R4,0.0000,0.0000
1.5000,2,FedGuard quadrature + R4,0.0000,0.0000
1.5000,3,AutoGM (lambda x1),0.7143,0.0000
1.5000,3,AutoGM (lambda x4),0.0000,0.0634
1.5000,3,FedGuard linear,0.0000,0.0000
1.5000,3,FedGuard quadrature,0.0000,0.0000
1.5000,3,FedGuard linear + R4,0.1429,0.0000
1.5000,3,FedGuard quadrature + R4,0.1429,0.0000
1.5000,4,AutoGM (lambda x1),0.5714,0.0000
1.5000,4,AutoGM (lambda x4),0.0000,0.0000
1.5000,4,FedGuard linear,0.0000,0.0000
1.5000,4,FedGuard quadrature,0.0000,0.0000
1.5000,4,FedGuard linear + R4,0.0000,0.0000
1.5000,4,FedGuard quadrature + R4,0.0000,0.0000
1.5000,5,AutoGM (lambda x1),0.5714,0.0000
1.5000,5,AutoGM (lambda x4),0.0000,0.0000
1.5000,5,FedGuard linear,0.0000,0.0000
1.5000,5,FedGuard quadrature,0.0000,0.0000
1.5000,5,FedGuard linear + R4,0.1429,0.0000
1.5000,5,FedGuard quadrature + R4,0.0000,0.0000
1.5000,6,AutoGM (lambda x1),0.5714,0.0000
1.5000,6,AutoGM (lambda x4),0.2857,0.0721
1.5000,6,FedGuard linear,0.0000,0.0000
1.5000,6,FedGuard quadrature,0.0000,0.0000
1.5000,6,FedGuard linear + R4,0.0000,0.0000
1.5000,6,FedGuard quadrature + R4,0.0000,0.0000
1.5000,7,AutoGM (lambda x1),0.5714,0.0000
1.5000,7,AutoGM (lambda x4),0.1429,0.0000
1.5000,7,FedGuard linear,0.0000,0.0000
1.5000,7,FedGuard quadrature,0.0000,0.0000
1.5000,7,FedGuard linear + R4,0.0000,0.0000
1.5000,7,FedGuard quadrature + R4,0.0000,0.0000
1.5000,8,AutoGM (lambda x1),0.7143,0.0000
1.5000,8,AutoGM (lambda x4),0.0000,0.0869
1.5000,8,FedGuard linear,0.0000,0.0000
1.5000,8,FedGuard quadrature,0.0000,0.0000
1.5000,8,FedGuard linear + R4,0.0000,0.0000
1.5000,8,FedGuard quadrature + R4,0.0000,0.0000
1.5000,9,AutoGM (lambda x1),0.8571,0.0000
1.5000,9,AutoGM (lambda x4),0.0000,0.0353
1.5000,9,FedGuard linear,0.0000,0.0000
1.5000,9,FedGuard quadrature,0.0000,0.0000
1.5000,9,FedGuard linear + R4,0.0000,0.0000
1.5000,9,FedGuard quadrature + R4,0.0000,0.0000
1.7500,0,AutoGM (lambda x1),0.7143,0.0000
1.7500,0,AutoGM (lambda x4),0.1429,0.0000
1.7500,0,FedGuard linear,0.0000,0.0000
1.7500,0,FedGuard quadrature,0.0000,0.0000
1.7500,0,FedGuard linear + R4,0.1429,0.0000
1.7500,0,FedGuard quadrature + R4,0.1429,0.0000
1.7500,1,AutoGM (lambda x1),0.7143,0.0000
1.7500,1,AutoGM (lambda x4),0.1429,0.0585
1.7500,1,FedGuard linear,0.0000,0.0000
1.7500,1,FedGuard quadrature,0.0000,0.0000
1.7500,1,FedGuard linear + R4,0.0000,0.0000
1.7500,1,FedGuard quadrature + R4,0.0000,0.0000
1.7500,2,AutoGM (lambda x1),0.7143,0.0000
1.7500,2,AutoGM (lambda x4),0.0000,0.0669
1.7500,2,FedGuard linear,0.0000,0.0000
1.7500,2,FedGuard quadrature,0.0000,0.0000
1.7500,2,FedGuard linear + R4,0.1429,0.0000
1.7500,2,FedGuard quadrature + R4,0.1429,0.0000
1.7500,3,AutoGM (lambda x1),0.7143,0.0000
1.7500,3,AutoGM (lambda x4),0.1429,0.1231
1.7500,3,FedGuard linear,0.0000,0.0000
1.7500,3,FedGuard quadrature,0.0000,0.0000
1.7500,3,FedGuard linear + R4,0.0000,0.0000
1.7500,3,FedGuard quadrature + R4,0.0000,0.0000
1.7500,4,AutoGM (lambda x1),0.5714,0.0000
1.7500,4,AutoGM (lambda x4),0.0000,0.0000
1.7500,4,FedGuard linear,0.0000,0.0000
1.7500,4,FedGuard quadrature,0.0000,0.0000
1.7500,4,FedGuard linear + R4,0.0000,0.0000
1.7500,4,FedGuard quadrature + R4,0.0000,0.0000
1.7500,5,AutoGM (lambda x1),0.5714,0.0000
1.7500,5,AutoGM (lambda x4),0.0000,0.0365
1.7500,5,FedGuard linear,0.0000,0.0000
1.7500,5,FedGuard quadrature,0.0000,0.0000
1.7500,5,FedGuard linear + R4,0.0000,0.0000
1.7500,5,FedGuard quadrature + R4,0.0000,0.0000
1.7500,6,AutoGM (lambda x1),0.7143,0.0000
1.7500,6,AutoGM (lambda x4),0.2857,0.1496
1.7500,6,FedGuard linear,0.0000,0.0000
1.7500,6,FedGuard quadrature,0.0000,0.0000
1.7500,6,FedGuard linear + R4,0.1429,0.0000
1.7500,6,FedGuard quadrature + R4,0.0000,0.0000
1.7500,7,AutoGM (lambda x1),0.5714,0.0000
1.7500,7,AutoGM (lambda x4),0.1429,0.0000
1.7500,7,FedGuard linear,0.0000,0.0000
1.7500,7,FedGuard quadrature,0.0000,0.0000
1.7500,7,FedGuard linear + R4,0.0000,0.0000
1.7500,7,FedGuard quadrature + R4,0.0000,0.0000
1.7500,8,AutoGM (lambda x1),0.7143,0.0000
1.7500,8,AutoGM (lambda x4),0.0000,0.1399
1.7500,8,FedGuard linear,0.0000,0.0000
1.7500,8,FedGuard quadrature,0.0000,0.0000
1.7500,8,FedGuard linear + R4,0.0000,0.0000
1.7500,8,FedGuard quadrature + R4,0.0000,0.0000
1.7500,9,AutoGM (lambda x1),0.8571,0.0000
1.7500,9,AutoGM (lambda x4),0.0000,0.0933
1.7500,9,FedGuard linear,0.0000,0.0000
1.7500,9,FedGuard quadrature,0.0000,0.0000
1.7500,9,FedGuard linear + R4,0.0000,0.0000
1.7500,9,FedGuard quadrature + R4,0.0000,0.0000
2.0000,0,AutoGM (lambda x1),0.7143,0.0000
2.0000,0,AutoGM (lambda x4),0.1429,0.0052
2.0000,0,FedGuard linear,0.0000,0.0000
2.0000,0,FedGuard quadrature,0.0000,0.0000
2.0000,0,FedGuard linear + R4,0.0000,0.0000
2.0000,0,FedGuard quadrature + R4,0.0000,0.0000
2.0000,1,AutoGM (lambda x1),0.7143,0.0000
2.0000,1,AutoGM (lambda x4),0.1429,0.0981
2.0000,1,FedGuard linear,0.0000,0.0000
2.0000,1,FedGuard quadrature,0.0000,0.0000
2.0000,1,FedGuard linear + R4,0.0000,0.0000
2.0000,1,FedGuard quadrature + R4,0.0000,0.0000
2.0000,2,AutoGM (lambda x1),0.7143,0.0000
2.0000,2,AutoGM (lambda x4),0.1429,0.1048
2.0000,2,FedGuard linear,0.0000,0.0000
2.0000,2,FedGuard quadrature,0.0000,0.0000
2.0000,2,FedGuard linear + R4,0.1429,0.0000
2.0000,2,FedGuard quadrature + R4,0.1429,0.0000
2.0000,3,AutoGM (lambda x1),0.7143,0.0000
2.0000,3,AutoGM (lambda x4),0.1429,0.1623
2.0000,3,FedGuard linear,0.0000,0.0000
2.0000,3,FedGuard quadrature,0.0000,0.0000
2.0000,3,FedGuard linear + R4,0.0000,0.0000
2.0000,3,FedGuard quadrature + R4,0.0000,0.3000
2.0000,4,AutoGM (lambda x1),0.5714,0.0000
2.0000,4,AutoGM (lambda x4),0.0000,0.0000
2.0000,4,FedGuard linear,0.0000,0.0000
2.0000,4,FedGuard quadrature,0.0000,0.0000
2.0000,4,FedGuard linear + R4,0.0000,0.0000
2.0000,4,FedGuard quadrature + R4,0.0000,0.0000
2.0000,5,AutoGM (lambda x1),0.5714,0.0000
2.0000,5,AutoGM (lambda x4),0.1429,0.0822
2.0000,5,FedGuard linear,0.0000,0.0000
2.0000,5,FedGuard quadrature,0.0000,0.0000
2.0000,5,FedGuard linear + R4,0.0000,0.0000
2.0000,5,FedGuard quadrature + R4,0.0000,0.0000
2.0000,6,AutoGM (lambda x1),0.7143,0.0000
2.0000,6,AutoGM (lambda x4),0.2857,0.2087
2.0000,6,FedGuard linear,0.0000,0.0000
2.0000,6,FedGuard quadrature,0.0000,0.0000
2.0000,6,FedGuard linear + R4,0.1429,0.0000
2.0000,6,FedGuard quadrature + R4,0.1429,0.0000
2.0000,7,AutoGM (lambda x1),0.5714,0.0000
2.0000,7,AutoGM (lambda x4),0.1429,0.0291
2.0000,7,FedGuard linear,0.0000,0.0000
2.0000,7,FedGuard quadrature,0.0000,0.0000
2.0000,7,FedGuard linear + R4,0.0000,0.0000
2.0000,7,FedGuard quadrature + R4,0.0000,0.0000
2.0000,8,AutoGM (lambda x1),0.7143,0.0000
2.0000,8,AutoGM (lambda x4),0.1429,0.1782
2.0000,8,FedGuard linear,0.0000,0.0000
2.0000,8,FedGuard quadrature,0.0000,0.0000
2.0000,8,FedGuard linear + R4,0.0000,0.0000
2.0000,8,FedGuard quadrature + R4,0.0000,0.0000
2.0000,9,AutoGM (lambda x1),0.8571,0.0000
2.0000,9,AutoGM (lambda x4),0.0000,0.1329
2.0000,9,FedGuard linear,0.0000,0.0000
2.0000,9,FedGuard quadrature,0.0000,0.0000
2.0000,9,FedGuard linear + R4,0.0000,0.0000
2.0000,9,FedGuard quadrature + R4,0.0000,0.0000
2.2500,0,AutoGM (lambda x1),0.7143,0.0000
2.2500,0,AutoGM (lambda x4),0.1429,0.0258
2.2500,0,FedGuard linear,0.0000,0.0000
2.2500,0,FedGuard quadrature,0.0000,0.0000
2.2500,0,FedGuard linear + R4,0.0000,0.0000
2.2500,0,FedGuard quadrature + R4,0.0000,0.0000
2.2500,1,AutoGM (lambda x1),0.7143,0.0000
2.2500,1,AutoGM (lambda x4),0.1429,0.1277
2.2500,1,FedGuard linear,0.0000,0.0000
2.2500,1,FedGuard quadrature,0.0000,0.0000
2.2500,1,FedGuard linear + R4,0.0000,0.0000
2.2500,1,FedGuard quadrature + R4,0.0000,0.0000
2.2500,2,AutoGM (lambda x1),0.7143,0.0000
2.2500,2,AutoGM (lambda x4),0.1429,0.1287
2.2500,2,FedGuard linear,0.0000,0.0000
2.2500,2,FedGuard quadrature,0.0000,0.0000
2.2500,2,FedGuard linear + R4,0.0000,0.0000
2.2500,2,FedGuard quadrature + R4,0.0000,0.0000
2.2500,3,AutoGM (lambda x1),0.7143,0.0000
2.2500,3,AutoGM (lambda x4),0.1429,0.1927
2.2500,3,FedGuard linear,0.0000,0.0000
2.2500,3,FedGuard quadrature,0.0000,0.0000
2.2500,3,FedGuard linear + R4,0.0000,0.0000
2.2500,3,FedGuard quadrature + R4,0.0000,0.3000
2.2500,4,AutoGM (lambda x1),0.5714,0.0000
2.2500,4,AutoGM (lambda x4),0.0000,0.0000
2.2500,4,FedGuard linear,0.0000,0.0000
2.2500,4,FedGuard quadrature,0.0000,0.0000
2.2500,4,FedGuard linear + R4,0.0000,0.0000
2.2500,4,FedGuard quadrature + R4,0.0000,0.3000
2.2500,5,AutoGM (lambda x1),0.5714,0.0000
2.2500,5,AutoGM (lambda x4),0.1429,0.1203
2.2500,5,FedGuard linear,0.0000,0.0000
2.2500,5,FedGuard quadrature,0.0000,0.0000
2.2500,5,FedGuard linear + R4,0.0000,0.0000
2.2500,5,FedGuard quadrature + R4,0.0000,0.0000
2.2500,6,AutoGM (lambda x1),0.7143,0.0000
2.2500,6,AutoGM (lambda x4),0.2857,0.2573
2.2500,6,FedGuard linear,0.0000,0.0000
2.2500,6,FedGuard quadrature,0.0000,0.0000
2.2500,6,FedGuard linear + R4,0.0000,0.0000
2.2500,6,FedGuard quadrature + R4,0.0000,0.0000
2.2500,7,AutoGM (lambda x1),0.5714,0.0000
2.2500,7,AutoGM (lambda x4),0.1429,0.0542
2.2500,7,FedGuard linear,0.0000,0.0000
2.2500,7,FedGuard quadrature,0.0000,0.0000
2.2500,7,FedGuard linear + R4,0.0000,0.0000
2.2500,7,FedGuard quadrature + R4,0.0000,0.0000
2.2500,8,AutoGM (lambda x1),0.7143,0.0000
2.2500,8,AutoGM (lambda x4),0.2857,0.2081
2.2500,8,FedGuard linear,0.0000,0.0000
2.2500,8,FedGuard quadrature,0.0000,0.0000
2.2500,8,FedGuard linear + R4,0.0000,0.0000
2.2500,8,FedGuard quadrature + R4,0.0000,0.0000
2.2500,9,AutoGM (lambda x1),0.8571,0.0000
2.2500,9,AutoGM (lambda x4),0.0000,0.1643
2.2500,9,FedGuard linear,0.0000,0.0000
2.2500,9,FedGuard quadrature,0.0000,0.0000
2.2500,9,FedGuard linear + R4,0.0000,0.0000
2.2500,9,FedGuard quadrature + R4,0.0000,0.3000
2.5000,0,AutoGM (lambda x1),0.7143,0.0000
2.5000,0,AutoGM (lambda x4),0.1429,0.0411
2.5000,0,FedGuard linear,0.0000,0.0000
2.5000,0,FedGuard quadrature,0.0000,0.0000
2.5000,0,FedGuard linear + R4,0.0000,0.0000
2.5000,0,FedGuard quadrature + R4,0.0000,0.0000
2.5000,1,AutoGM (lambda x1),0.7143,0.0000
2.5000,1,AutoGM (lambda x4),0.1429,0.1497
2.5000,1,FedGuard linear,0.0000,0.0000
2.5000,1,FedGuard quadrature,0.0000,0.0000
2.5000,1,FedGuard linear + R4,0.0000,0.0000
2.5000,1,FedGuard quadrature + R4,0.0000,0.0000
2.5000,2,AutoGM (lambda x1),0.7143,0.0000
2.5000,2,AutoGM (lambda x4),0.2857,0.1478
2.5000,2,FedGuard linear,0.0000,0.0000
2.5000,2,FedGuard quadrature,0.0000,0.0000
2.5000,2,FedGuard linear + R4,0.0000,0.0000
2.5000,2,FedGuard quadrature + R4,0.0000,0.0000
2.5000,3,AutoGM (lambda x1),0.7143,0.0000
2.5000,3,AutoGM (lambda x4),0.1429,0.2200
2.5000,3,FedGuard linear,0.0000,0.0000
2.5000,3,FedGuard quadrature,0.0000,0.0209
2.5000,3,FedGuard linear + R4,0.0000,0.0000
2.5000,3,FedGuard quadrature + R4,0.0000,0.0000
2.5000,4,AutoGM (lambda x1),0.5714,0.0000
2.5000,4,AutoGM (lambda x4),0.0000,0.0000
2.5000,4,FedGuard linear,0.0000,0.0000
2.5000,4,FedGuard quadrature,0.0000,0.0000
2.5000,4,FedGuard linear + R4,0.0000,0.0000
2.5000,4,FedGuard quadrature + R4,0.0000,0.3000
2.5000,5,AutoGM (lambda x1),0.5714,0.0000
2.5000,5,AutoGM (lambda x4),0.1429,0.1471
2.5000,5,FedGuard linear,0.0000,0.0000
2.5000,5,FedGuard quadrature,0.0000,0.0000
2.5000,5,FedGuard linear + R4,0.0000,0.0000
2.5000,5,FedGuard quadrature + R4,0.0000,0.0000
2.5000,6,AutoGM (lambda x1),0.7143,0.0000
2.5000,6,AutoGM (lambda x4),0.2857,0.2956
2.5000,6,FedGuard linear,0.0000,0.0000
2.5000,6,FedGuard quadrature,0.0000,0.0000
2.5000,6,FedGuard linear + R4,0.0000,0.0000
2.5000,6,FedGuard quadrature + R4,0.0000,0.0000
2.5000,7,AutoGM (lambda x1),0.5714,0.0000
2.5000,7,AutoGM (lambda x4),0.1429,0.0739
2.5000,7,FedGuard linear,0.0000,0.0000
2.5000,7,FedGuard quadrature,0.0000,0.0000
2.5000,7,FedGuard linear + R4,0.0000,0.0000
2.5000,7,FedGuard quadrature + R4,0.0000,0.0000
2.5000,8,AutoGM (lambda x1),0.7143,0.0104
2.5000,8,AutoGM (lambda x4),0.4286,0.2330
2.5000,8,FedGuard linear,0.0000,0.0000
2.5000,8,FedGuard quadrature,0.0000,0.0000
2.5000,8,FedGuard linear + R4,0.0000,0.0000
2.5000,8,FedGuard quadrature + R4,0.0000,0.0000
2.5000,9,AutoGM (lambda x1),0.8571,0.0000
2.5000,9,AutoGM (lambda x4),0.0000,0.1891
2.5000,9,FedGuard linear,0.0000,0.0000
2.5000,9,FedGuard quadrature,0.0000,0.0000
2.5000,9,FedGuard linear + R4,0.0000,0.0000
2.5000,9,FedGuard quadrature + R4,0.0000,0.3000
2.7500,0,AutoGM (lambda x1),0.7143,0.0000
2.7500,0,AutoGM (lambda x4),0.1429,0.0530
2.7500,0,FedGuard linear,0.0000,0.0000
2.7500,0,FedGuard quadrature,0.0000,0.0000
2.7500,0,FedGuard linear + R4,0.0000,0.0000
2.7500,0,FedGuard quadrature + R4,0.0000,0.0000
2.7500,1,AutoGM (lambda x1),0.7143,0.0000
2.7500,1,AutoGM (lambda x4),0.1429,0.1703
2.7500,1,FedGuard linear,0.0000,0.0000
2.7500,1,FedGuard quadrature,0.0000,0.0000
2.7500,1,FedGuard linear + R4,0.0000,0.0000
2.7500,1,FedGuard quadrature + R4,0.0000,0.0000
2.7500,2,AutoGM (lambda x1),0.7143,0.0000
2.7500,2,AutoGM (lambda x4),0.2857,0.1619
2.7500,2,FedGuard linear,0.0000,0.0000
2.7500,2,FedGuard quadrature,0.0000,0.0000
2.7500,2,FedGuard linear + R4,0.0000,0.0000
2.7500,2,FedGuard quadrature + R4,0.0000,0.0000
2.7500,3,AutoGM (lambda x1),0.7143,0.0000
2.7500,3,AutoGM (lambda x4),0.2857,0.2431
2.7500,3,FedGuard linear,0.0000,0.0000
2.7500,3,FedGuard quadrature,0.0000,0.3000
2.7500,3,FedGuard linear + R4,0.0000,0.0000
2.7500,3,FedGuard quadrature + R4,0.0000,0.0000
2.7500,4,AutoGM (lambda x1),0.5714,0.0000
2.7500,4,AutoGM (lambda x4),0.0000,0.0133
2.7500,4,FedGuard linear,0.0000,0.0000
2.7500,4,FedGuard quadrature,0.0000,0.0000
2.7500,4,FedGuard linear + R4,0.0000,0.0000
2.7500,4,FedGuard quadrature + R4,0.0000,0.3000
2.7500,5,AutoGM (lambda x1),0.5714,0.0000
2.7500,5,AutoGM (lambda x4),0.1429,0.1687
2.7500,5,FedGuard linear,0.0000,0.0000
2.7500,5,FedGuard quadrature,0.0000,0.0000
2.7500,5,FedGuard linear + R4,0.0000,0.0000
2.7500,5,FedGuard quadrature + R4,0.0000,0.0000
2.7500,6,AutoGM (lambda x1),0.7143,0.0000
2.7500,6,AutoGM (lambda x4),0.4286,0.3282
2.7500,6,FedGuard linear,0.0000,0.0000
2.7500,6,FedGuard quadrature,0.0000,0.0000
2.7500,6,FedGuard linear + R4,0.0000,0.0000
2.7500,6,FedGuard quadrature + R4,0.0000,0.3000
2.7500,7,AutoGM (lambda x1),0.5714,0.0000
2.7500,7,AutoGM (lambda x4),0.1429,0.0885
2.7500,7,FedGuard linear,0.0000,0.0000
2.7500,7,FedGuard quadrature,0.0000,0.0000
2.7500,7,FedGuard linear + R4,0.0000,0.0000
2.7500,7,FedGuard quadrature + R4,0.0000,0.0000
2.7500,8,AutoGM (lambda x1),0.7143,0.0283
2.7500,8,AutoGM (lambda x4),0.4286,0.2529
2.7500,8,FedGuard linear,0.0000,0.0000
2.7500,8,FedGuard quadrature,0.0000,0.0000
2.7500,8,FedGuard linear + R4,0.0000,0.0000
2.7500,8,FedGuard quadrature + R4,0.0000,0.0000
2.7500,9,AutoGM (lambda x1),0.8571,0.0172
2.7500,9,AutoGM (lambda x4),0.0000,0.2103
2.7500,9,FedGuard linear,0.0000,0.0000
2.7500,9,FedGuard quadrature,0.0000,0.0000
2.7500,9,FedGuard linear + R4,0.0000,0.0000
2.7500,9,FedGuard quadrature + R4,0.0000,0.3000
3.0000,0,AutoGM (lambda x1),0.7143,0.0000
3.0000,0,AutoGM (lambda x4),0.1429,0.0625
3.0000,0,FedGuard linear,0.0000,0.0000
3.0000,0,FedGuard quadrature,0.0000,0.0000
3.0000,0,FedGuard linear + R4,0.0000,0.0000
3.0000,0,FedGuard quadrature + R4,0.0000,0.0000
3.0000,1,AutoGM (lambda x1),0.7143,0.0000
3.0000,1,AutoGM (lambda x4),0.1429,0.1862
3.0000,1,FedGuard linear,0.0000,0.0000
3.0000,1,FedGuard quadrature,0.0000,0.0000
3.0000,1,FedGuard linear + R4,0.0000,0.0000
3.0000,1,FedGuard quadrature + R4,0.0000,0.0000
3.0000,2,AutoGM (lambda x1),0.7143,0.0000
3.0000,2,AutoGM (lambda x4),0.2857,0.1739
3.0000,2,FedGuard linear,0.0000,0.0000
3.0000,2,FedGuard quadrature,0.0000,0.0000
3.0000,2,FedGuard linear + R4,0.0000,0.0000
3.0000,2,FedGuard quadrature + R4,0.0000,0.0000
3.0000,3,AutoGM (lambda x1),0.7143,0.0000
3.0000,3,AutoGM (lambda x4),0.4286,0.2617
3.0000,3,FedGuard linear,0.0000,0.0000
3.0000,3,FedGuard quadrature,0.0000,0.3000
3.0000,3,FedGuard linear + R4,0.0000,0.0000
3.0000,3,FedGuard quadrature + R4,0.0000,0.0000
3.0000,4,AutoGM (lambda x1),0.5714,0.0000
3.0000,4,AutoGM (lambda x4),0.0000,0.0342
3.0000,4,FedGuard linear,0.0000,0.0000
3.0000,4,FedGuard quadrature,0.0000,0.0000
3.0000,4,FedGuard linear + R4,0.0000,0.0000
3.0000,4,FedGuard quadrature + R4,0.0000,0.0000
3.0000,5,AutoGM (lambda x1),0.5714,0.0000
3.0000,5,AutoGM (lambda x4),0.1429,0.1855
3.0000,5,FedGuard linear,0.0000,0.0000
3.0000,5,FedGuard quadrature,0.0000,0.0000
3.0000,5,FedGuard linear + R4,0.0000,0.0000
3.0000,5,FedGuard quadrature + R4,0.0000,0.0000
3.0000,6,AutoGM (lambda x1),0.7143,0.0000
3.0000,6,AutoGM (lambda x4),0.4286,0.3539
3.0000,6,FedGuard linear,0.0000,0.0000
3.0000,6,FedGuard quadrature,0.0000,0.0000
3.0000,6,FedGuard linear + R4,0.0000,0.0000
3.0000,6,FedGuard quadrature + R4,0.0000,0.3000
3.0000,7,AutoGM (lambda x1),0.5714,0.0000
3.0000,7,AutoGM (lambda x4),0.1429,0.1000
3.0000,7,FedGuard linear,0.0000,0.0000
3.0000,7,FedGuard quadrature,0.0000,0.0000
3.0000,7,FedGuard linear + R4,0.0000,0.0000
3.0000,7,FedGuard quadrature + R4,0.0000,0.0000
3.0000,8,AutoGM (lambda x1),0.7143,0.0428
3.0000,8,AutoGM (lambda x4),0.4286,0.2687
3.0000,8,FedGuard linear,0.0000,0.0000
3.0000,8,FedGuard quadrature,0.0000,0.0000
3.0000,8,FedGuard linear + R4,0.0000,0.0000
3.0000,8,FedGuard quadrature + R4,0.0000,0.0000
3.0000,9,AutoGM (lambda x1),0.8571,0.0367
3.0000,9,AutoGM (lambda x4),0.1429,0.2265
3.0000,9,FedGuard linear,0.0000,0.0000
3.0000,9,FedGuard quadrature,0.0000,0.0000
3.0000,9,FedGuard linear + R4,0.0000,0.0000
3.0000,9,FedGuard quadrature + R4,0.0000,0.0000
