run,name,seed,dataset,clients,alpha,local_epochs,aggregator,epsilon,attack,attack_fraction,lr,best_round,rounds_run,seconds_per_round,git_commit,clip,max_rounds,epsilon_spent_max,sigma_min,sigma_max,agg_params,hrr_mean,attacker_share_mean,n_attackers,test_macro_f1,test_weighted_f1,test_accuracy,test_benign_fpr,test_attack_detection_rate,test_binary_f1,val_macro_f1,val_weighted_f1,val_accuracy,val_benign_fpr,val_attack_detection_rate,val_binary_f1,test_recall_Benign,test_recall_Analysis,test_recall_Backdoor,test_recall_DoS,test_recall_Exploits,test_recall_Fuzzers,test_recall_Generic,test_recall_Reconnaissance,test_recall_Shellcode,test_recall_Worms
b1_fedavg_a0.1_k5_e5_s42_fbc83f,b1_fedavg,42,nf_unsw,5,0.10000,5,fedavg,,none,0.00000,0.20000,40,55,25.60789,4449864,,120,,,,{},,,0,0.40421,0.87963,0.88460,0.08640,0.97246,0.90776,0.41791,0.88623,0.89173,0.08099,0.97396,0.91304,0.91360,0.45890,0.00000,0.22222,0.95630,0.89622,0.59420,0.00000,0.00000,0.00000
b1_fedavg_a0.1_k5_e5_s43_a4f7bf,b1_fedavg,43,nf_unsw,5,0.10000,5,fedavg,,none,0.00000,0.20000,90,105,25.39561,4449864,,120,,,,{},,,0,0.46003,0.85136,0.85393,0.06683,0.88413,0.87725,0.48063,0.85277,0.85701,0.06269,0.87585,0.87616,0.93317,0.41781,0.14545,0.18680,0.83574,0.65382,0.27826,0.73529,0.55814,0.10000
b1_fedavg_a0.1_k5_e5_s44_36ee4f,b1_fedavg,44,nf_unsw,5,0.10000,5,fedavg,,none,0.00000,0.20000,70,85,25.56294,4449864,,120,,,,{},,,0,0.44004,0.86698,0.87907,0.04631,0.88898,0.89789,0.46021,0.87094,0.88248,0.04222,0.89440,0.90456,0.95369,0.33562,0.23636,0.18196,0.88881,0.75686,0.00000,0.55882,0.27907,0.00000
b1_fedavg_a0.5_k5_e5_s42_7a941d,b1_fedavg,42,nf_unsw,5,0.50000,5,fedavg,,none,0.00000,0.20000,57,72,27.71005,4449864,,120,,,,{},,,0,0.57295,0.89209,0.89445,0.06096,0.94107,0.91318,0.56733,0.89629,0.89906,0.05834,0.94542,0.91775,0.93904,0.40411,0.27273,0.34622,0.92793,0.80133,0.51884,0.55882,0.16279,0.30000
b1_fedavg_a0.5_k5_e5_s43_793eb5,b1_fedavg,43,nf_unsw,5,0.50000,5,fedavg,,none,0.00000,0.20000,34,49,29.01236,4449864,,120,,,,{},,,0,0.45044,0.86200,0.87522,0.04639,0.88856,0.89759,0.48012,0.86382,0.87707,0.04602,0.89476,0.90135,0.95361,0.30822,0.23636,0.12882,0.94006,0.52706,0.12464,0.35294,0.60465,0.10000
b1_fedavg_a0.5_k5_e5_s44_c771ba,b1_fedavg,44,nf_unsw,5,0.50000,5,fedavg,,none,0.00000,0.20000,69,84,25.82468,4449864,,120,,,,{},,,0,0.58829,0.89194,0.89421,0.06349,0.93293,0.90667,0.62036,0.90109,0.90315,0.05871,0.94292,0.91612,0.93651,0.39041,0.38182,0.31240,0.91192,0.88732,0.50725,0.54412,0.30233,0.30000
b1_fedavg_a100_k5_e5_s42_242054,b1_fedavg,42,nf_unsw,5,100.00000,5,fedavg,,none,0.00000,0.20000,110,120,25.67054,4449864,,120,,,,{},,,0,0.60744,0.89423,0.89536,0.07357,0.95719,0.91073,0.63198,0.90024,0.90159,0.07193,0.96290,0.91507,0.92643,0.39041,0.36364,0.35266,0.93526,0.89029,0.59420,0.54412,0.37209,0.30000
b1_fedavg_a100_k5_e5_s43_b92828,b1_fedavg,43,nf_unsw,5,100.00000,5,fedavg,,none,0.00000,0.20000,86,101,25.59720,4449864,,120,,,,{},,,0,0.60443,0.89673,0.89844,0.06625,0.94792,0.91219,0.62717,0.90458,0.90699,0.06034,0.95291,0.91992,0.93375,0.39726,0.36364,0.33494,0.93388,0.86360,0.62899,0.58824,0.37209,0.30000
b1_fedavg_a100_k5_e5_s44_b40e69,b1_fedavg,44,nf_unsw,5,100.00000,5,fedavg,,none,0.00000,0.20000,105,120,27.25672,4449864,,120,,,,{},,,0,0.59820,0.89390,0.89373,0.08168,0.97132,0.91112,0.63154,0.90025,0.90111,0.07574,0.97182,0.91640,0.91832,0.37671,0.34545,0.38003,0.94258,0.90660,0.61159,0.58824,0.39535,0.30000
b2_dpfedavg_a0.5_k5_e5_eps1_c2_s42_072935,b2_dpfedavg,42,nf_unsw,5,0.50000,5,fedavg,1.00000,none,0.00000,0.20000,37,40,78.60632,1d36c51,2.00000,40,0.99876,6.05469,15.46875,{},0.40000,0.00000,0,0.16992,0.74837,0.78611,0.10698,0.81478,0.80457,0.16809,0.74631,0.78467,0.10817,0.81163,0.80176,0.89302,0.00000,0.00000,0.00000,0.90460,0.05930,0.00000,0.00000,0.00000,0.00000
b2_dpfedavg_a0.5_k5_e5_eps1_c2_s43_2cacaf,b2_dpfedavg,43,nf_unsw,5,0.50000,5,fedavg,1.00000,none,0.00000,0.20000,30,40,78.77378,1d36c51,2.00000,40,0.99868,5.74219,15.46875,{},0.20000,0.00000,0,0.16372,0.75103,0.80125,0.07204,0.72888,0.77925,0.16393,0.75184,0.80233,0.07012,0.72815,0.78035,0.92796,0.00000,0.00000,0.00000,0.88469,0.00000,0.00000,0.00000,0.00000,0.00000
b2_dpfedavg_a0.5_k5_e5_eps1_c2_s44_c1e52e,b2_dpfedavg,44,nf_unsw,5,0.50000,5,fedavg,1.00000,none,0.00000,0.20000,37,40,78.58987,1d36c51,2.00000,40,0.99998,6.79688,10.46875,{},0.00000,0.00000,0,0.21449,0.77496,0.78991,0.14938,0.89312,0.81668,0.21756,0.77796,0.79344,0.14604,0.89012,0.81750,0.85062,0.00000,0.00000,0.00000,0.89385,0.58636,0.00000,0.00000,0.00000,0.00000
b2_dpfedavg_a0.5_k5_e5_eps3_c2_s42_e6db9e,b2_dpfedavg,42,nf_unsw,5,0.50000,5,fedavg,3.00000,none,0.00000,0.20000,18,33,78.07201,1d36c51,2.00000,40,2.68949,2.36816,6.05469,{},0.40000,0.00000,0,0.24100,0.78373,0.80231,0.13488,0.91310,0.83822,0.23971,0.78175,0.80065,0.13644,0.91295,0.83696,0.86512,0.26027,0.00000,0.00000,0.97209,0.34766,0.00000,0.00000,0.00000,0.00000
b2_dpfedavg_a0.5_k5_e5_eps3_c2_s43_27501c,b2_dpfedavg,43,nf_unsw,5,0.50000,5,fedavg,3.00000,none,0.00000,0.20000,29,40,78.63935,1d36c51,2.00000,40,2.99595,2.25098,6.05469,{},0.20000,0.00000,0,0.18554,0.77532,0.80769,0.09480,0.87514,0.84892,0.18477,0.77524,0.80810,0.09549,0.87727,0.84954,0.90520,0.00000,0.00000,0.00000,0.94898,0.12380,0.00000,0.00000,0.00000,0.00000
b2_dpfedavg_a0.5_k5_e5_eps3_c2_s44_dbfafa,b2_dpfedavg,44,nf_unsw,5,0.50000,5,fedavg,3.00000,none,0.00000,0.20000,37,40,77.76821,1d36c51,2.00000,40,2.99491,2.65625,4.04297,{},0.00000,0.00000,0,0.22885,0.81280,0.82874,0.11162,0.94563,0.87341,0.23153,0.81516,0.83165,0.10980,0.94363,0.87380,0.88838,0.00000,0.00000,0.00000,0.90254,0.77094,0.00000,0.00000,0.00000,0.00000
b2_dpfedavg_a0.5_k5_e5_eps8_c2_s42_6d4840,b2_dpfedavg,42,nf_unsw,5,0.50000,5,fedavg,8.00000,none,0.00000,0.20000,37,40,77.99857,1d36c51,2.00000,40,7.99913,1.19202,2.79541,{},0.40000,0.00000,0,0.27794,0.82672,0.84215,0.10249,0.95733,0.88679,0.28127,0.83102,0.84727,0.09911,0.95648,0.88907,0.89751,0.30137,0.00000,0.00000,0.93960,0.73165,0.00000,0.00000,0.00000,0.00000
b2_dpfedavg_a0.5_k5_e5_eps8_c2_s43_8fe6bd,b2_dpfedavg,43,nf_unsw,5,0.50000,5,fedavg,8.00000,none,0.00000,0.20000,31,40,72.14696,1d36c51,2.00000,40,7.99496,1.14502,2.79297,{},0.20000,0.00000,0,0.21180,0.79676,0.81942,0.07944,0.83947,0.84121,0.21331,0.79764,0.81975,0.08045,0.83839,0.83974,0.92056,0.00000,0.00000,0.00161,0.86159,0.42995,0.00000,0.00000,0.00000,0.00000
b2_dpfedavg_a0.5_k5_e5_eps8_c2_s44_cf83b2,b2_dpfedavg,44,nf_unsw,5,0.50000,5,fedavg,8.00000,none,0.00000,0.20000,39,40,77.83383,1d36c51,2.00000,40,7.99852,1.30737,1.89209,{},0.00000,0.00000,0,0.26785,0.79459,0.81110,0.10234,0.84175,0.82394,0.27477,0.79337,0.81050,0.10129,0.83482,0.82076,0.89766,0.33562,0.00000,0.00644,0.76756,0.80208,0.00000,0.00000,0.00000,0.00000
b2_dpfedavg_a0.5_k5_e5_s42_d15f89,b2_dpfedavg,42,nf_unsw,5,0.50000,5,fedavg,,none,0.00000,0.20000,38,40,28.24466,1d36c51,,40,,,,{},0.40000,0.00000,0,0.53356,0.88310,0.88979,0.05835,0.92837,0.90872,0.54152,0.88650,0.89305,0.05708,0.93293,0.91226,0.94165,0.41096,0.20000,0.22383,0.93480,0.78577,0.33333,0.55882,0.18605,0.30000
b2_dpfedavg_a0.5_k5_e5_s43_176290,b2_dpfedavg,43,nf_unsw,5,0.50000,5,fedavg,,none,0.00000,0.20000,34,40,29.73462,1d36c51,,40,,,,{},0.20000,0.00000,0,0.45044,0.86200,0.87522,0.04639,0.88856,0.89759,0.48012,0.86382,0.87707,0.04602,0.89476,0.90135,0.95361,0.30822,0.23636,0.12882,0.94006,0.52706,0.12464,0.35294,0.60465,0.10000
b2_dpfedavg_a0.5_k5_e5_s44_86e89e,b2_dpfedavg,44,nf_unsw,5,0.50000,5,fedavg,,none,0.00000,0.20000,35,40,28.72694,1d36c51,,40,,,,{},0.00000,0.00000,0,0.55588,0.88168,0.88709,0.06828,0.94021,0.90639,0.57029,0.89018,0.89570,0.06287,0.94613,0.91417,0.93172,0.39041,0.23636,0.16425,0.92176,0.88436,0.43768,0.54412,0.37209,0.30000
k10_a0.5_k10_e5_autogm-lam4_eps3_c2_gaussian0.3_s42_43e67f,k10,42,nf_unsw,10,0.50000,5,autogm,3.00000,gaussian,0.30000,0.20000,39,40,80.20831,f641dd4,2.00000,40,2.99968,2.98828,7.42188,"{""lam_scale"": 4.0, ""outer"": 20}",0.00000,0.00000,3,0.20137,0.72828,0.72814,0.23896,0.92323,0.77139,0.20278,0.72981,0.72975,0.23935,0.93293,0.77608,0.76104,0.00000,0.00000,0.01610,0.85358,0.67309,0.00000,0.00000,0.00000,0.00000
k10_a0.5_k10_e5_autogm-lam4_eps3_c2_label_flip0.3_s42_3a70b5,k10,42,nf_unsw,10,0.50000,5,autogm,3.00000,label_flip,0.30000,0.20000,22,37,83.91933,f641dd4,2.00000,40,2.86697,2.98828,7.42188,"{""lam_scale"": 4.0, ""outer"": 20}",0.00000,0.33016,3,0.15675,0.67553,0.72314,0.06226,0.41595,0.54072,0.15434,0.67229,0.72050,0.06505,0.40849,0.53169,0.93774,0.00000,0.00000,0.00805,0.43674,0.14307,0.00000,0.00000,0.00000,0.00000
k10_a0.5_k10_e5_autogm-lam4_eps3_c2_s42_6d9d38,k10,42,nf_unsw,10,0.50000,5,autogm,3.00000,none,0.00000,0.20000,40,40,81.84796,f641dd4,2.00000,40,2.99968,2.98828,7.42188,"{""lam_scale"": 4.0, ""outer"": 20}",0.00000,0.00000,0,0.20313,0.73148,0.73381,0.17518,0.80294,0.74767,0.20690,0.73380,0.73732,0.17503,0.79879,0.74534,0.82482,0.00000,0.00000,0.06763,0.70213,0.57524,0.00000,0.00000,0.00000,0.00000
k10_a0.5_k10_e5_autogm-lam4_eps3_c2_s43_8e357d,k10,43,nf_unsw,10,0.50000,5,autogm,3.00000,none,0.00000,0.20000,39,40,83.44511,f641dd4,2.00000,40,2.99935,2.90039,9.02344,"{""lam_scale"": 4.0, ""outer"": 20}",0.00000,0.00000,0,0.23441,0.75389,0.75900,0.14793,0.82449,0.77939,0.23412,0.75165,0.75763,0.14876,0.81020,0.77048,0.85207,0.33562,0.00000,0.05958,0.76756,0.44033,0.00000,0.00000,0.00000,0.00000
k10_a0.5_k10_e5_autogm-lam4_eps3_c2_sign_flip0.3_s42_de9c8f,k10,42,nf_unsw,10,0.50000,5,autogm,3.00000,sign_flip,0.30000,0.20000,32,40,82.69028,f641dd4,2.00000,40,2.99968,2.98828,7.42188,"{""lam_scale"": 4.0, ""outer"": 20}",0.00000,0.32460,3,0.15166,0.66263,0.67671,0.25861,0.83861,0.71440,0.14815,0.66170,0.67544,0.26128,0.84588,0.71675,0.74139,0.00000,0.00000,0.12560,0.86296,0.00000,0.00000,0.00000,0.00000,0.00000
k10_a0.5_k10_e5_autogm-lam4_eps3_c2_sign_flip0.3_s43_09d064,k10,43,nf_unsw,10,0.50000,5,autogm,3.00000,sign_flip,0.30000,0.20000,36,40,61.29974,f641dd4,2.00000,40,2.99935,2.90039,9.02344,"{""lam_scale"": 4.0, ""outer"": 20}",0.00000,0.32928,3,0.15010,0.69987,0.74381,0.13430,0.65682,0.68375,0.14910,0.69665,0.74045,0.13517,0.64752,0.67673,0.86570,0.00000,0.00000,0.00000,0.80782,0.00000,0.00000,0.00000,0.00000,0.00000
k10_a0.5_k10_e5_eps3_c2_gaussian0.3_s42_8b1583,k10,42,nf_unsw,10,0.50000,5,fedavg,3.00000,gaussian,0.30000,0.20000,34,40,81.97742,f641dd4,2.00000,40,2.99968,2.98828,7.42188,{},0.28571,0.20498,3,0.15876,0.60030,0.60495,0.39066,0.90411,0.67642,0.15784,0.60111,0.60586,0.38793,0.90225,0.67684,0.60934,0.34247,0.00000,0.00000,0.94120,0.01112,0.00000,0.00000,0.00000,0.00000
k10_a0.5_k10_e5_eps3_c2_gaussian0.3_s43_a698cf,k10,43,nf_unsw,10,0.50000,5,fedavg,3.00000,gaussian,0.30000,0.20000,13,28,81.02383,f641dd4,2.00000,40,2.44542,2.90039,9.02344,{},0.28571,0.19763,3,0.13508,0.66311,0.72401,0.05219,0.37714,0.50969,0.13507,0.66290,0.72374,0.05273,0.37638,0.50856,0.94781,0.00000,0.00000,0.00000,0.45436,0.00000,0.00000,0.00000,0.00000,0.00000
k10_a0.5_k10_e5_eps3_c2_gaussian0.3_s44_975eed,k10,44,nf_unsw,10,0.50000,5,fedavg,3.00000,gaussian,0.30000,0.20000,23,38,82.69039,f641dd4,2.00000,40,2.91006,3.10547,6.81641,{},0.28571,0.22266,3,0.14017,0.66199,0.70757,0.09045,0.45034,0.55310,0.14000,0.66479,0.71041,0.09078,0.45844,0.56003,0.90955,0.00000,0.00000,0.00000,0.48410,0.04151,0.00000,0.00000,0.00000,0.00000
k10_a0.5_k10_e5_eps3_c2_label_flip0.3_s42_a4b83d,k10,42,nf_unsw,10,0.50000,5,fedavg,3.00000,label_flip,0.30000,0.20000,30,40,68.70407,f641dd4,2.00000,40,2.99968,2.98828,7.42188,{},0.28571,0.20498,3,0.21159,0.75636,0.76410,0.13960,0.82178,0.78391,0.21004,0.75762,0.76640,0.13843,0.82626,0.78735,0.86040,0.00000,0.00000,0.07085,0.73896,0.55745,0.00000,0.00000,0.00000,0.00000
k10_a0.5_k10_e5_eps3_c2_label_flip0.3_s43_3ef9f6,k10,43,nf_unsw,10,0.50000,5,fedavg,3.00000,label_flip,0.30000,0.20000,38,40,67.53771,f641dd4,2.00000,40,2.99935,2.90039,9.02344,{},0.28571,0.19763,3,0.16888,0.72897,0.77087,0.08386,0.63799,0.70766,0.16811,0.72757,0.77049,0.08099,0.62611,0.70130,0.91614,0.00000,0.00000,0.00000,0.75154,0.08377,0.00000,0.00000,0.00000,0.00000
k10_a0.5_k10_e5_eps3_c2_label_flip0.3_s44_a08af2,k10,44,nf_unsw,10,0.50000,5,fedavg,3.00000,label_flip,0.30000,0.20000,25,40,81.70449,f641dd4,2.00000,40,2.99990,3.10547,6.81641,{},0.28571,0.22266,3,0.13984,0.68048,0.72915,0.08756,0.55551,0.64299,0.13986,0.67932,0.72723,0.09331,0.55797,0.64072,0.91244,0.00000,0.00000,0.00000,0.59048,0.00000,0.00000,0.00000,0.00000,0.00000
k10_a0.5_k10_e5_eps3_c2_s42_8a7e5f,k10,42,nf_unsw,10,0.50000,5,fedavg,3.00000,none,0.00000,0.20000,38,40,80.60241,9e73bdf,2.00000,40,2.99968,2.98828,7.42188,{},0.40000,0.00000,0,0.22459,0.79218,0.80346,0.13235,0.92808,0.84809,0.23037,0.79784,0.81014,0.13046,0.93400,0.85263,0.86765,0.07534,0.00000,0.00322,0.91787,0.53299,0.00290,0.00000,0.00000,0.00000
k10_a0.5_k10_e5_eps3_c2_s43_ff02a2,k10,43,nf_unsw,10,0.50000,5,fedavg,3.00000,none,0.00000,0.20000,34,40,83.16852,f641dd4,2.00000,40,2.99935,2.90039,9.02344,{},0.30000,0.00000,0,0.21400,0.78412,0.80385,0.12488,0.87828,0.82695,0.21426,0.78217,0.80149,0.12810,0.87442,0.82235,0.87512,0.00000,0.00000,0.00000,0.91947,0.46775,0.00000,0.00000,0.00000,0.00000
k10_a0.5_k10_e5_eps3_c2_s44_983974,k10,44,nf_unsw,10,0.50000,5,fedavg,3.00000,none,0.00000,0.20000,40,40,77.22456,f641dd4,2.00000,40,2.99990,3.10547,6.81641,{},0.30000,0.00000,0,0.21546,0.77602,0.79072,0.13822,0.88370,0.81983,0.21703,0.77554,0.78971,0.14350,0.88905,0.81879,0.86178,0.00000,0.00000,0.00000,0.84740,0.63529,0.00000,0.00000,0.00000,0.00000
k10_a0.5_k10_e5_eps3_c2_sign_flip0.3_s42_d9a8a6,k10,42,nf_unsw,10,0.50000,5,fedavg,3.00000,sign_flip,0.30000,0.20000,38,40,77.00648,9e73bdf,2.00000,40,2.99968,2.98828,7.42188,{},0.28571,0.20498,3,0.17997,0.69006,0.70810,0.23266,0.92095,0.77423,0.18698,0.68987,0.70812,0.23084,0.91438,0.77199,0.76734,0.32877,0.00000,0.00161,0.93709,0.00000,0.00000,0.00000,0.00000,0.00000
k10_a0.5_k10_e5_eps3_c2_sign_flip0.3_s43_3a50b6,k10,43,nf_unsw,10,0.50000,5,fedavg,3.00000,sign_flip,0.30000,0.20000,39,40,71.06789,f641dd4,2.00000,40,2.99935,2.90039,9.02344,{},0.28571,0.19763,3,0.15584,0.72595,0.76530,0.14460,0.82377,0.78140,0.15576,0.72559,0.76520,0.14314,0.81841,0.77934,0.85540,0.00000,0.00000,0.00000,0.94258,0.00000,0.00000,0.00000,0.00000,0.00000
k10_a0.5_k10_e5_eps3_c2_sign_flip0.3_s44_7b49a6,k10,44,nf_unsw,10,0.50000,5,fedavg,3.00000,sign_flip,0.30000,0.20000,40,40,73.52065,f641dd4,2.00000,40,2.99990,3.10547,6.81641,{},0.28571,0.22266,3,0.15277,0.71532,0.76304,0.09227,0.64954,0.70942,0.15247,0.71345,0.76099,0.09567,0.64538,0.70389,0.90773,0.00000,0.00000,0.00000,0.76664,0.00000,0.00000,0.00000,0.00000,0.00000
k10_a0.5_k10_e5_gaussian0.3_s42_79ad74,k10,42,nf_unsw,10,0.50000,5,fedavg,,gaussian,0.30000,0.20000,39,40,30.84462,9e73bdf,,40,,,,{},0.28571,0.20498,3,0.33248,0.84170,0.85374,0.11104,0.98673,0.89486,0.32510,0.84412,0.85689,0.10908,0.98787,0.89699,0.88896,0.42466,0.00000,0.00000,0.97163,0.84433,0.12754,0.02941,0.06977,0.00000
k10_a0.5_k10_e5_gaussian0.3_s43_984f9a,k10,43,nf_unsw,10,0.50000,5,fedavg,,gaussian,0.30000,0.20000,40,40,30.89278,f641dd4,,40,,,,{},0.28571,0.19763,3,0.32189,0.84672,0.86551,0.05646,0.90054,0.89530,0.32813,0.84712,0.86614,0.05472,0.89975,0.89639,0.94354,0.33562,0.00000,0.02899,0.95493,0.48851,0.25797,0.00000,0.00000,0.00000
k10_a0.5_k10_e5_gaussian0.3_s44_92ac89,k10,44,nf_unsw,10,0.50000,5,fedavg,,gaussian,0.30000,0.20000,39,40,31.37760,f641dd4,,40,,,,{},0.28571,0.22266,3,0.35954,0.86427,0.87498,0.04813,0.87671,0.88940,0.37562,0.86796,0.87876,0.04639,0.87264,0.88865,0.95187,0.38356,0.00000,0.16908,0.90117,0.60341,0.45507,0.00000,0.00000,0.00000
k10_a0.5_k10_e5_label_flip0.3_s42_1a8254,k10,42,nf_unsw,10,0.50000,5,fedavg,,label_flip,0.30000,0.20000,39,40,37.22279,9e73bdf,,40,,,,{},0.28571,0.20498,3,0.31376,0.84236,0.86364,0.06161,0.87942,0.87911,0.30549,0.83889,0.86133,0.05997,0.86693,0.87347,0.93839,0.36301,0.00000,0.00161,0.94761,0.58340,0.10435,0.02941,0.00000,0.00000
k10_a0.5_k10_e5_label_flip0.3_s43_650b49,k10,43,nf_unsw,10,0.50000,5,fedavg,,label_flip,0.30000,0.20000,39,40,32.71744,f641dd4,,40,,,,{},0.28571,0.19763,3,0.31473,0.82540,0.85518,0.02660,0.73602,0.82311,0.32893,0.83063,0.86037,0.02446,0.75312,0.83621,0.97340,0.10959,0.00000,0.07085,0.88698,0.23054,0.30435,0.00000,0.20930,0.00000
k10_a0.5_k10_e5_label_flip0.3_s44_5e3019,k10,44,nf_unsw,10,0.50000,5,fedavg,,label_flip,0.30000,0.20000,39,40,31.29065,f641dd4,,40,,,,{},0.28571,0.22266,3,0.28075,0.80113,0.83778,0.01892,0.65853,0.77667,0.28855,0.80668,0.84475,0.01359,0.66607,0.78693,0.98108,0.34932,0.00000,0.05958,0.81812,0.10823,0.24348,0.00000,0.00000,0.00000
k10_a0.5_k10_e5_s42_10f831,k10,42,nf_unsw,10,0.50000,5,fedavg,,none,0.00000,0.20000,40,40,32.57252,4e80c4f,,40,,,,{},0.40000,0.00000,0,0.38160,0.85275,0.86354,0.09864,0.98259,0.90279,0.38556,0.85383,0.86494,0.09676,0.97931,0.90266,0.90136,0.38356,0.03636,0.00644,0.96591,0.83988,0.28696,0.02941,0.27907,0.00000
k10_a0.5_k10_e5_s43_3d2236,k10,43,nf_unsw,10,0.50000,5,fedavg,,none,0.00000,0.20000,35,40,31.86136,1c5a619,,40,,,,{},0.30000,0.00000,0,0.37407,0.86351,0.87796,0.05603,0.91224,0.90207,0.39234,0.87073,0.88452,0.05200,0.91830,0.90890,0.94397,0.32877,0.00000,0.03543,0.93320,0.71609,0.33913,0.04412,0.16279,0.00000
k10_a0.5_k10_e5_s44_35a04f,k10,44,nf_unsw,10,0.50000,5,fedavg,,none,0.00000,0.20000,36,40,31.28389,f641dd4,,40,,,,{},0.30000,0.00000,0,0.35284,0.86573,0.87830,0.05711,0.91367,0.90189,0.37129,0.87216,0.88392,0.05581,0.91438,0.90342,0.94289,0.34247,0.00000,0.06280,0.92450,0.72350,0.45797,0.00000,0.00000,0.00000
k10_a0.5_k10_e5_sign_flip0.3_s42_f2d776,k10,42,nf_unsw,10,0.50000,5,fedavg,,sign_flip,0.30000,0.20000,35,40,32.54183,4e80c4f,,40,,,,{},0.28571,0.20498,3,0.28396,0.82964,0.84504,0.10930,0.97845,0.89208,0.27854,0.82887,0.84439,0.10980,0.97824,0.89156,0.89070,0.46575,0.00000,0.00000,0.99131,0.65901,0.00000,0.02941,0.00000,0.00000
k10_a0.5_k10_e5_sign_flip0.3_s43_b93d38,k10,43,nf_unsw,10,0.50000,5,fedavg,,sign_flip,0.30000,0.20000,39,40,32.61685,f641dd4,,40,,,,{},0.28571,0.19763,3,0.22228,0.81945,0.85124,0.04718,0.82463,0.86010,0.21896,0.81961,0.85244,0.04385,0.83268,0.86782,0.95282,0.00000,0.00000,0.00161,0.93228,0.36175,0.00000,0.00000,0.00000,0.00000
k10_a0.5_k10_e5_sign_flip0.3_s44_f1d142,k10,44,nf_unsw,10,0.50000,5,fedavg,,sign_flip,0.30000,0.20000,34,40,31.16769,f641dd4,,40,,,,{},0.28571,0.22266,3,0.28510,0.80837,0.83446,0.03624,0.77312,0.83831,0.28856,0.81281,0.84006,0.03098,0.78238,0.84885,0.96376,0.35616,0.00000,0.16425,0.84878,0.06820,0.31304,0.00000,0.00000,0.00000
p5_clip_pilot_a0.5_k5_e5_eps3_c0.5_s42_9f8d9d,p5_clip_pilot,42,nf_unsw,5,0.50000,5,fedavg,3.00000,none,0.00000,0.20000,39,40,68.34448,1d36c51,0.50000,40,2.99793,2.38281,6.25000,{},0.40000,0.00000,0,0.21139,0.79050,0.81101,0.11452,0.89355,0.84337,0.21222,0.79073,0.81146,0.11180,0.88798,0.84244,0.88548,0.00000,0.00000,0.00000,0.93182,0.43217,0.00000,0.00000,0.00000,0.00000
p5_clip_pilot_a0.5_k5_e5_eps3_c1_s42_708bb6,p5_clip_pilot,42,nf_unsw,5,0.50000,5,fedavg,3.00000,none,0.00000,0.20000,34,40,78.36942,1d36c51,1.00000,40,2.99793,2.38281,6.25000,{},0.40000,0.00000,0,0.22208,0.80018,0.81557,0.12981,0.94920,0.86104,0.22253,0.80083,0.81699,0.12702,0.94113,0.85900,0.87019,0.00000,0.00000,0.00000,0.94258,0.62417,0.00000,0.00000,0.00000,0.00000
p5_clip_pilot_a0.5_k5_e5_eps3_c2_s42_79b683,p5_clip_pilot,42,nf_unsw,5,0.50000,5,fedavg,3.00000,none,0.00000,0.20000,37,40,78.18671,1d36c51,2.00000,40,2.99793,2.38281,6.25000,{},0.40000,0.00000,0,0.26113,0.79737,0.81567,0.11372,0.89227,0.84329,0.26443,0.79870,0.81675,0.11633,0.89618,0.84338,0.88628,0.33562,0.00000,0.00322,0.92908,0.46701,0.00000,0.00000,0.00000,0.00000
p5_clip_pilot_a0.5_k5_e5_eps3_c4_s42_b1a8b5,p5_clip_pilot,42,nf_unsw,5,0.50000,5,fedavg,3.00000,none,0.00000,0.20000,33,40,77.16042,1d36c51,4.00000,40,2.99793,2.38281,6.25000,{},0.40000,0.00000,0,0.22838,0.81572,0.83788,0.07473,0.87029,0.86278,0.22822,0.81563,0.83814,0.07356,0.86871,0.86286,0.92527,0.00000,0.00000,0.00000,0.86891,0.64344,0.00000,0.00000,0.00000,0.00000
p5_clip_pilot_a0.5_k5_e5_eps3_c8_s42_86ad24,p5_clip_pilot,42,nf_unsw,5,0.50000,5,fedavg,3.00000,none,0.00000,0.20000,24,39,72.54929,1d36c51,8.00000,40,2.95496,2.38281,6.25000,{},0.40000,0.00000,0,0.21412,0.79194,0.81399,0.10589,0.87443,0.83962,0.21467,0.79351,0.81567,0.10455,0.87442,0.84068,0.89411,0.00000,0.00000,0.00322,0.91924,0.42921,0.00000,0.00000,0.00000,0.00000
p6_autogm_lambda_a0.5_k10_e5_autogm-lam0.5_eps3_c2_s42_118f88,p6_autogm_lambda,42,nf_unsw,10,0.50000,5,autogm,3.00000,none,0.00000,0.20000,27,40,80.18074,1d36c51,2.00000,40,2.99968,2.98828,7.42188,"{""lam_scale"": 0.5, ""outer"": 20}",0.90000,0.00000,0,0.04692,0.04283,0.09733,0.99877,0.99971,0.50414,0.04755,0.04355,0.09865,0.99928,0.99929,0.50382,0.00123,0.00000,0.00000,0.41385,0.09449,0.99036,0.00580,0.00000,0.00000,0.00000
p6_autogm_lambda_a0.5_k10_e5_autogm-lam0.5_eps3_c2_sign_flip0.3_s42_5cd459,p6_autogm_lambda,42,nf_unsw,10,0.50000,5,autogm,3.00000,sign_flip,0.30000,0.20000,27,40,79.83952,4e80c4f,2.00000,40,2.99968,2.98828,7.42188,"{""lam_scale"": 0.5, ""outer"": 20}",0.85714,0.00000,3,0.04692,0.04283,0.09733,0.99877,0.99971,0.50414,0.04755,0.04355,0.09865,0.99928,0.99929,0.50382,0.00123,0.00000,0.00000,0.41385,0.09449,0.99036,0.00580,0.00000,0.00000,0.00000
p6_autogm_lambda_a0.5_k10_e5_autogm-lam1_eps3_c2_s42_9a83e3,p6_autogm_lambda,42,nf_unsw,10,0.50000,5,autogm,3.00000,none,0.00000,0.20000,27,40,79.71960,4e80c4f,2.00000,40,2.99968,2.98828,7.42188,"{""lam_scale"": 1.0, ""outer"": 20}",0.90000,0.00000,0,0.04692,0.04283,0.09733,0.99877,0.99971,0.50414,0.04755,0.04355,0.09865,0.99928,0.99929,0.50382,0.00123,0.00000,0.00000,0.41385,0.09449,0.99036,0.00580,0.00000,0.00000,0.00000
p6_autogm_lambda_a0.5_k10_e5_autogm-lam1_eps3_c2_sign_flip0.3_s42_7f9e79,p6_autogm_lambda,42,nf_unsw,10,0.50000,5,autogm,3.00000,sign_flip,0.30000,0.20000,27,40,100.01645,4e80c4f,2.00000,40,2.99968,2.98828,7.42188,"{""lam_scale"": 1.0, ""outer"": 20}",0.85714,0.01544,3,0.04692,0.04283,0.09733,0.99877,0.99971,0.50414,0.04755,0.04355,0.09865,0.99928,0.99929,0.50382,0.00123,0.00000,0.00000,0.41385,0.09449,0.99036,0.00580,0.00000,0.00000,0.00000
p6_autogm_lambda_a0.5_k10_e5_autogm-lam2_eps3_c2_s42_205641,p6_autogm_lambda,42,nf_unsw,10,0.50000,5,autogm,3.00000,none,0.00000,0.20000,40,40,79.98645,4e80c4f,2.00000,40,2.99968,2.98828,7.42188,"{""lam_scale"": 2.0, ""outer"": 20}",0.10000,0.00000,0,0.19868,0.70899,0.68272,0.23636,0.89983,0.76090,0.20027,0.70865,0.68421,0.23935,0.89583,0.75690,0.76364,0.00000,0.00000,0.25765,0.52276,0.90660,0.00000,0.00000,0.00000,0.00000
p6_autogm_lambda_a0.5_k10_e5_autogm-lam2_eps3_c2_sign_flip0.3_s42_4526e6,p6_autogm_lambda,42,nf_unsw,10,0.50000,5,autogm,3.00000,sign_flip,0.30000,0.20000,17,32,81.31614,4e80c4f,2.00000,40,2.63597,2.98828,7.42188,"{""lam_scale"": 2.0, ""outer"": 20}",0.10714,0.36546,3,0.05485,0.17483,0.25205,0.91853,0.96490,0.51144,0.05670,0.18171,0.25787,0.91339,0.96682,0.51355,0.08147,0.00000,0.00000,0.05475,0.93480,0.00000,0.00000,0.00000,0.00000,0.00000
p6_autogm_lambda_a0.5_k10_e5_autogm-lam4_eps3_c2_s42_474768,p6_autogm_lambda,42,nf_unsw,10,0.50000,5,autogm,3.00000,none,0.00000,0.20000,40,40,100.11329,4e80c4f,2.00000,40,2.99968,2.98828,7.42188,"{""lam_scale"": 4.0, ""outer"": 20}",0.00000,0.00000,0,0.20313,0.73148,0.73381,0.17518,0.80294,0.74767,0.20690,0.73380,0.73732,0.17503,0.79879,0.74534,0.82482,0.00000,0.00000,0.06763,0.70213,0.57524,0.00000,0.00000,0.00000,0.00000
p6_autogm_lambda_a0.5_k10_e5_autogm-lam4_eps3_c2_sign_flip0.3_s42_aa3c61,p6_autogm_lambda,42,nf_unsw,10,0.50000,5,autogm,3.00000,sign_flip,0.30000,0.20000,32,40,76.69155,4e80c4f,2.00000,40,2.99968,2.98828,7.42188,"{""lam_scale"": 4.0, ""outer"": 20}",0.00000,0.32460,3,0.15166,0.66263,0.67671,0.25861,0.83861,0.71440,0.14815,0.66170,0.67544,0.26128,0.84588,0.71675,0.74139,0.00000,0.00000,0.12560,0.86296,0.00000,0.00000,0.00000,0.00000,0.00000
p6_autogm_lambda_a0.5_k10_e5_autogm-lam8_eps3_c2_s42_46bbaa,p6_autogm_lambda,42,nf_unsw,10,0.50000,5,autogm,3.00000,none,0.00000,0.20000,40,40,83.03625,4e80c4f,2.00000,40,2.99968,2.98828,7.42188,"{""lam_scale"": 8.0, ""outer"": 20}",0.00000,0.00000,0,0.20047,0.73300,0.73958,0.16460,0.79181,0.74845,0.20357,0.73300,0.74081,0.16706,0.78737,0.74410,0.83540,0.00000,0.00000,0.04026,0.71563,0.52483,0.00000,0.00000,0.00000,0.00000
p6_autogm_lambda_a0.5_k10_e5_autogm-lam8_eps3_c2_sign_flip0.3_s42_d9941b,p6_autogm_lambda,42,nf_unsw,10,0.50000,5,autogm,3.00000,sign_flip,0.30000,0.20000,32,40,79.79971,4e80c4f,2.00000,40,2.99968,2.98828,7.42188,"{""lam_scale"": 8.0, ""outer"": 20}",0.00000,0.31031,3,0.14600,0.67615,0.70075,0.21911,0.80693,0.72103,0.14398,0.67608,0.70079,0.21979,0.81341,0.72427,0.78089,0.00000,0.00000,0.02576,0.86685,0.00000,0.00000,0.00000,0.00000,0.00000
sel_local_epochs_a0.5_k5_e1_s42_98214d,sel_local_epochs,42,nf_unsw,5,0.50000,1,fedavg,,none,0.00000,0.20000,171,201,5.17226,4449864,,300,,,,{},,,0,0.51959,0.88245,0.88479,0.06668,0.94735,0.91151,0.54172,0.88617,0.88897,0.06287,0.94863,0.91548,0.93332,0.41781,0.07273,0.34461,0.92862,0.75908,0.35652,0.51471,0.20930,0.20000
sel_local_epochs_a0.5_k5_e2_s42_1b7b29,sel_local_epochs,42,nf_unsw,5,0.50000,2,fedavg,,none,0.00000,0.20000,115,130,10.27664,4449864,,150,,,,{},,,0,0.52002,0.87906,0.88580,0.06313,0.93350,0.90729,0.53498,0.88409,0.89029,0.05907,0.94078,0.91467,0.93687,0.36986,0.20000,0.18680,0.93754,0.77613,0.37971,0.55882,0.13953,0.20000
sel_local_epochs_a0.5_k5_e5_s42_3327b8,sel_local_epochs,42,nf_unsw,5,0.50000,5,fedavg,,none,0.00000,0.20000,43,49,21.57297,4449864,,60,,,,{},,,0,0.54277,0.88589,0.89161,0.05233,0.91752,0.90819,0.54747,0.89037,0.89570,0.05164,0.92615,0.91344,0.94767,0.41096,0.18182,0.25604,0.92679,0.74722,0.37971,0.66176,0.18605,0.30000
